 ID ; Konzert_Kategorie ;Konzert_Prod; Konzert_VerkaufteTickets ; Konzert_VenueOrt ;Konzert_Artist;Konzert_Datum;Venue_Flaeche;Venue_StromErneuerbar;Venue_StromKonventiell;Venue_Heizoel;Venue_Erdgas;Venue_Biogas;Venue_Holzenergie;Venue_Solarthermie;Venue_Fernwaerme;Venue_Fernkaelte;Venue_KuehlungKaeltemittel;Venue_NennleistungKuehlungKaeltemittel;Venue_DieselGeneratoren;Konzert_AnzahlBesucher;Mob_Besucher_DurchschnittOEV_km;Mob_Besucher_AnteilOEV;Mob_Besucher_TotalOEV_km;Mob_Besucher_DurchschnittPKW_km;Mob_Besucher_AnteilPKW;Mob_Besucher_TotalPKW;Mob_MALocalCrew_Anzahl;Mob_MALocalCrew_DurchschnittOEV_km;Mob_MALocalCrew_AnteilOEV;Mob_MALocalCrew_TotalOEV_km;Mob_MARigger_Anzahl;Mob_MARigger_DurchschnittOEV_km;Mob_MARigger_AnteilOEV;Mob_MARigger_TotalOEV_km;Mob_MAGastro_Anzahl;Mob_MAGastro_DurchschnittOEV_km;Mob_MAGastro_AnteilOEV;Mob_MAGastro_TotalOEV_km;Mob_MASecurity_Anzahl;Mob_MASecurity_DurchschnittOEV_km;Mob_MASecurity_AnteilOEV;Mob_MASecurity_TotalOEV_km;Mob_MA_TotalOEV_km;Mob_MALocalCrew_DurchschnittPKW_km;Mob_MALocalCrew_AnteilPKW;Mob_MALocalCrew_TotalPKW_km;Mob_MARigger_DurchschnittPKW_km;Mob_MARigger_AnteilPKW;Mob_MARigger_TotalPKW_km;Mob_MAGastro_DurchschnittPKW_km;Mob_MAGastro_AnteilPKW;Mob_MAGastro_TotalPKW_km;Mob_MASecurity_DurchschnittPKW_km;Mob_MASecurity_AnteilPKW;Mob_MASecurity_TotalPKW_km;Mob_MA_TotalPKW_km;Mob_Artist_Anzahl;Mob_Artist_Bus_km;Mob_Artist_AnzahlBus;Mob_Artist_AnteilOEV;Mob_Artist_TotalBus;Mob_Artist_TotalKurzstreckenFluege;Mob_Artist_TotalMittelstreckenFluege;Mob_Artist_TotalLangstreckenFluege;Mob_Artist_TotalHotel2_3Stern;Mob_Artist_TotalHotel4Stern;Mob_Artist_TotalHotel5Stern;Trans_Artist_VanLieferwagenMenge;Trans_Artist_VanLieferwagenDistanz;Trans_MALocal_VanLieferwagenMenge;Trans_MALocal_VanLieferwagenDistanz;Trans_Artist_LKW_16_32t_Menge;Trans_Artist_LKW_16_32t_Distanz;Trans_MALocal_LKW_16_32t_Menge;Trans_MALocal_LKW_16_32t_Distanz;Trans_Artist_LKW_40t_Menge;Trans_Artist_LKW_40t_DistanzKm;Trans_Artist_LKW_40t_DistanzTotal;Trans_MALocal_LKW_40t_Menge;Trans_MALocal_LKW_40t_DistanzKM;Trans_MALocal_LKW_40t_DistanzTotal;Trans_NA_BahnMenge;Trans_NA_BahnDistanz;Trans_NA_FrachtschiffMenge;Trans_NA_FrachtschiffDistanz;Trans_NA_LuftfrachtMenge;Trans_NA_LuftfrachtDistanz;Verp_Besucher_MineralwasserSoftdrinks;Verp_MALocal_MineralwasserSoftdrinks;Verp_Artist_MineralwasserSoftdrinks;Verp_Besucher_KaffeeTassen;Verp_MALocal_KaffeeTassen;Verp_Artist_KaffeeTassen;Verp_Besucher_TeeTassen;Verp_MALocal_TeeTassen;Verp_Artist_TeeTassen;Verp_Besucher_Bier;Verp_MALocal_Bier;Verp_Artist_Bier;Verp_Besucher_Wein;Verp_MALocal_Wein;Verp_Artist_Wein;Verp_Besucher_Spirituosen;Verp_MALocal_Spirituosen;Verp_Artist_Spirituosen;Verp_Besucher_MahlzeitenNichtVeg;Verp_MALocal_MahlzeitenNichtVeg;Verp_Artist_MahlzeitenNichtVeg;Verp_Besucher_MahlzeitenVeg;Verp_MALocal_MahlzeitenVeg;Verp_Artist_MahlzeitenVeg;Verp_Besucher_Snacks;Verp_MALocal_Snacks;Verp_Artist_Snacks;Mat_Venue_Merchandising;Mat_Venue_Leitungswasser;Mat_Venue_Kunststoffe;Mat_Venue_RecyclierbareMaterialien;Mat_Venue_PflanzlicheMaterialien;Mat_Venue_Mehrweg;Mat_PromotionAIO_DrucksachenFrischfaserpapier;Mat_PromotionAIO_DrucksachenRecyclingpapier;Mat_MALocal_CrewShirtsWaschen;Mat_Artist_TowelsWaschen;Mat_Besucher_Earplugs_mod;Mat_Besucher_Earplugs;AbfRec_Venue_BetriebsabfaelleKehrichtInKVA;AbfRec_Venue_AllgemeineRecyclingAbfaelle
1;4a_Hasta_int;PSS;6215.00;Hallenstadion, Zürich;Bryan Adams;05.02.2022;5800.00;4302.05;;;;;;;12010.00;;;;0.00;5904.00;;;251215.85;;;210819.63;56.00;10.00;0.20;112.00;12.00;;0.00;0.00;;;;;51.00;10.00;0.80;408.00;520.00;20.00;0.80;896.00;200.00;1.00;2400.00;;;;10.00;0.20;102.00;3398.00;;300.00;3.00;;900.00;;;;;;;;;3.00;;;;;;7.00;600.00;4200.00;;;;0.00;0.00;0.00;0.00;0.00;0.00;1485.39;241.00;;130.52;93.00;;23.00;0.00;;2146.04;56.00;;508.39;0.00;;955.87;0.00;;1437.53;47.60;;1622.12;20.40;;142.95;68.00;;;;;;;;;;51.00;;2952.00;;;
2;1_Klein_nat;PSS;1492.00;Theater 11, Zürich;Patent Ochsner;15.02.2022;1700.00;;;;;;;;;;;;0.00;1417.00;;;40709.78;;;16906.55;;;;;;;0.00;0.00;;;;;;10.00;0.80;;0.00;20.00;;;;1.00;;;;;10.00;0.20;;0.00;;300.00;;;;;;;;;;;;;;;;;;;600.00;;;;;0.00;0.00;0.00;0.00;0.00;0.00;;;;;;;;0.00;;;0.00;;;0.00;;;0.00;;;0.00;;;0.00;;;0.00;;;;;;;;;;0.00;;709.00;;;
3;1_Klein_nat;PSS;1344.00;Theater 11, Zürich;Patent Ochsner;16.02.2022;1700.00;;;;;;;;;;;;0.00;1277.00;;;36671.55;;;15229.49;;;;;;;0.00;0.00;;;;;;10.00;0.80;;0.00;20.00;;;;1.00;;;;;10.00;0.20;;0.00;;300.00;;;;;;;;;;;;;;;;;;;600.00;;;;;0.00;0.00;0.00;0.00;0.00;0.00;;;;;;;;0.00;;;0.00;;;0.00;;;0.00;;;0.00;;;0.00;;;0.00;;;;;;;;;;0.00;;639.00;;;
4;1_Klein_nat;PSS;1039.00;Theater 11, Zürich;Patent Ochsner;17.02.2022;1700.00;;;;;;;;;;;;0.00;987.00;;;28349.51;;;11773.39;;;;;;;0.00;0.00;;;;;;10.00;0.80;;0.00;20.00;;;;1.00;;;;;10.00;0.20;;0.00;;300.00;;;;;;;;;;;;;;;;;;;600.00;;;;;0.00;0.00;0.00;0.00;0.00;0.00;;;;;;;;0.00;;;0.00;;;0.00;;;0.00;;;0.00;;;0.00;;;0.00;;;;;;;;;;0.00;;494.00;;;
5;1_Klein_nat;;385.00;Volkshaus, Basel;Seven;25.02.2022;605.00;;;;;;;;;;;;0.00;366.00;;;10504.87;;;4362.61;;;;;0.00;;0.00;0.00;;;;;;10.00;0.80;;0.00;20.00;;;;1.00;0.00;;;;10.00;0.20;;0.00;;300.00;;;;;;;;;;;;;;;;;;;600.00;;;;;0.00;0.00;0.00;0.00;0.00;0.00;;;;;;;;0.00;;;0.00;;;0.00;;;0.00;;;0.00;;;0.00;;;0.00;;;;;;;;;;0.00;;183.00;;;
6;1_Klein_nat;;1135.00;Casino, Bern;Patent Ochsner;28.02.2022;439.00;;;;;;;;;;;;0.00;1078.00;;;30968.90;;;12861.21;;;;;0.00;;0.00;0.00;;;;;;10.00;0.80;;0.00;20.00;;;;1.00;0.00;;;;10.00;0.20;;0.00;;300.00;;;;;;;;;;;;;;;;;;;600.00;;;;;0.00;0.00;0.00;0.00;0.00;0.00;;;;;;;;0.00;;;0.00;;;0.00;;;0.00;;;0.00;;;0.00;;;0.00;;;;;;;;;;0.00;;539.00;;;
7;1_Klein_nat;;1138.00;Casino, Bern;Patent Ochsner;01.03.2022;439.00;;;;;;;;;;;;0.00;1081.00;;;31050.76;;;12895.21;;;;;0.00;;0.00;0.00;;;;;;10.00;0.80;;0.00;20.00;;;;1.00;0.00;;;;10.00;0.20;;0.00;;300.00;;;;;;;;;;;;;;;;;;;600.00;;;;;0.00;0.00;0.00;0.00;0.00;0.00;;;;;;;;0.00;;;0.00;;;0.00;;;0.00;;;0.00;;;0.00;;;0.00;;;;;;;;;;0.00;;541.00;;;
8;1_Klein_nat;;976.00;Casino, Bern;Patent Ochsner;02.03.2022;439.00;;;;;;;;;;;;0.00;927.00;;;26630.53;;;11059.51;;;;;0.00;;0.00;0.00;;;;;;10.00;0.80;;0.00;20.00;;;;1.00;0.00;;;;10.00;0.20;;0.00;;300.00;;;;;;;;;;;;;;;;;;;600.00;;;;;0.00;0.00;0.00;0.00;0.00;0.00;;;;;;;;0.00;;;0.00;;;0.00;;;0.00;;;0.00;;;0.00;;;0.00;;;;;;;;;;0.00;;464.00;;;
9;1_Klein_nat;;816.00;Casino, Bern;Patent Ochsner;03.03.2022;439.00;;;;;;;;;;;;0.00;775.00;;;22264.87;;;9246.48;;;;;0.00;;0.00;0.00;;;;;;10.00;0.80;;0.00;20.00;;;;1.00;0.00;;;;10.00;0.20;;0.00;;300.00;;;;;;;;;;;;;;;;;;;600.00;;;;;0.00;0.00;0.00;0.00;0.00;0.00;;;;;;;;0.00;;;0.00;;;0.00;;;0.00;;;0.00;;;0.00;;;0.00;;;;;;;;;;0.00;;388.00;;;
10;1_Klein_nat;PSS;1362.00;KKL, Luzern;Patent Ochsner;07.03.2022;2100.00;;;;;;;;;;;;0.00;1294.00;;;37162.68;;;15433.46;;;;;;;0.00;0.00;;;;;;10.00;0.80;;0.00;20.00;;;;1.00;;;;;10.00;0.20;;0.00;;300.00;;;;;;;;;;;;;;;;;;;600.00;;;;;0.00;0.00;0.00;0.00;0.00;0.00;;;;;;;;0.00;;;0.00;;;0.00;;;0.00;;;0.00;;;0.00;;;0.00;;;;;;;;;;0.00;;647.00;;;
11;1_Klein_nat;PSS;1300.00;KKL, Luzern;Patent Ochsner;08.03.2022;2100.00;;;;;;;;;;;;0.00;1235.00;;;35470.99;;;14730.91;;;;;;;0.00;0.00;;;;;;10.00;0.80;;0.00;20.00;;;;1.00;;;;;10.00;0.20;;0.00;;300.00;;;;;;;;;;;;;;;;;;;600.00;;;;;0.00;0.00;0.00;0.00;0.00;0.00;;;;;;;;0.00;;;0.00;;;0.00;;;0.00;;;0.00;;;0.00;;;0.00;;;;;;;;;;0.00;;618.00;;;
12;4a_Hasta_int;PSS;11220.00;Hallenstadion, Zürich;James Blunt;09.03.2022;5800.00;2823.75;;;;;;;12033.00;;;;0.00;10659.00;;;453522.42;;;380594.73;36.00;10.00;0.20;72.00;9.00;;0.00;0.00;;;;;93.00;10.00;0.80;744.00;816.00;20.00;0.80;576.00;200.00;1.00;1800.00;;;;10.00;0.20;186.00;2562.00;;300.00;0.00;;0.00;;;;;;;;;;;;;;;4.00;600.00;2400.00;;;;0.00;0.00;0.00;0.00;0.00;0.00;2681.58;215.00;;235.62;63.00;;41.51;0.00;;3874.27;36.00;;917.80;0.00;;1725.64;0.00;;2595.19;31.50;;2928.42;13.50;;258.06;45.00;;;;;;;;;;93.00;40.00;5330.00;;;
13;1_Klein_nat;;545.00;Kaufleuten, Zürich;Bastian Baker;09.03.2022;550.00;;;;;;;;;;;;0.00;518.00;;;14870.53;;;6175.65;;;;;0.00;;0.00;0.00;;;;;;10.00;0.80;;0.00;20.00;;;;1.00;0.00;;;;10.00;0.20;;0.00;;300.00;;;;;;;;;;;;;;;;;;;600.00;;;;;0.00;0.00;0.00;0.00;0.00;0.00;;;;;;;;0.00;;;0.00;;;0.00;;;0.00;;;0.00;;;0.00;;;0.00;;;;;;;;;;0.00;;259.00;;;
14;4_Gross_int;PSS;2413.00;THE HALL, Zürich;Amy Macdonald;10.03.2022;2000.00;;;;;;;;;;;;0.00;2292.00;;;87510.33;;;60855.48;;10.00;0.20;;;;0.00;0.00;;;;;;10.00;0.80;;0.00;20.00;0.80;;200.00;1.00;;;;;10.00;0.20;;0.00;;300.00;;;;;;;;;;;;;;;;;;;600.00;;;;;0.00;0.00;0.00;0.00;0.00;0.00;;;;;;;;0.00;;;0.00;;;0.00;;;0.00;;;0.00;;;0.00;;;0.00;;;;;;;;;;0.00;;1146.00;;;
15;2_Klein_int;;1050.00;Kaufleuten, Zürich;Metronomy;10.03.2022;550.00;;;;;;;;;;;;0.00;998.00;;;39717.36;;;21551.29;;;;;0.00;;0.00;0.00;;;;;;10.00;0.80;;0.00;20.00;;;;1.00;0.00;;;;10.00;0.20;;0.00;;300.00;;;;;;;;;;;;;;;;;;;600.00;;;;;0.00;0.00;0.00;0.00;0.00;0.00;;;;;;;;0.00;;;0.00;;;0.00;;;0.00;;;0.00;;;0.00;;;0.00;;;;;;;;;;0.00;;499.00;;;
16;1_Klein_nat;;881.00;Westhalle, Langenthal;Heimweh;12.03.2022;;;;;;;;;;;;;0.00;837.00;;;24038.42;;;9983.02;;;;;0.00;;0.00;0.00;;;;;;10.00;0.80;;0.00;20.00;;;;1.00;0.00;;;;10.00;0.20;;0.00;;300.00;;;;;;;;;;;;;;;;;;;600.00;;;;;0.00;0.00;0.00;0.00;0.00;0.00;;;;;;;;0.00;;;0.00;;;0.00;;;0.00;;;0.00;;;0.00;;;0.00;;;;;;;;;;0.00;;419.00;;;
17;4_Gross_int;PSS;5030.00;THE HALL, Zürich;Paul Kalkbrenner;12.03.2022;2000.00;;;;;;;;;;;;0.00;4779.00;;;182418.95;;;126855.81;27.00;10.00;0.20;54.00;4.50;;0.00;0.00;;;;;52.00;10.00;0.80;416.00;470.00;20.00;0.80;432.00;200.00;1.00;900.00;;;;10.00;0.20;104.00;1436.00;;300.00;0.00;;0.00;;;;;;;;;;;;;;;2.00;600.00;1200.00;;;;0.00;0.00;0.00;0.00;0.00;0.00;;76.50;;;77.00;;;0.00;;;27.00;;;0.00;;;0.00;;;22.05;;;9.45;;;31.50;;;;;;;;;;52.00;80.00;2390.00;;;
18;2_Klein_int;;1037.00;Kaufleuten, Zürich;Caribou ;13.03.2022;550.00;;;;;;;;;;;;0.00;985.00;;;39225.62;;;21284.46;;;;;0.00;;0.00;0.00;;;;;;10.00;0.80;;0.00;20.00;;;;1.00;0.00;;;;10.00;0.20;;0.00;;300.00;;;;;;;;;;;;;;;;;;;600.00;;;;;0.00;0.00;0.00;0.00;0.00;0.00;;;;;;;;0.00;;;0.00;;;0.00;;;0.00;;;0.00;;;0.00;;;0.00;;;;;;;;;;0.00;;493.00;;;
19;1_Klein_nat;PSS;678.00;Kongresshaus, Biel ;Heimweh;13.03.2022;;;;;;;;;;;;;0.00;644.00;;;18499.48;;;7682.73;;;;;;;0.00;0.00;;;;;;10.00;0.80;;0.00;20.00;;;;1.00;;;;;10.00;0.20;;0.00;;300.00;;;;;;;;;;;;;;;;;;;600.00;;;;;0.00;0.00;0.00;0.00;0.00;0.00;;;;;;;;0.00;;;0.00;;;0.00;;;0.00;;;0.00;;;0.00;;;0.00;;;;;;;;;;0.00;;322.00;;;
20;2_Klein_int;PSS;1191.00;Theater 11, Zürich;Kings of Convenience;17.03.2022;1700.00;;;;;;;;;;;;0.00;1131.00;;;45050.84;;;24445.32;5.00;;0.20;0.00;0.00;;0.00;0.00;;;;;0.00;10.00;0.80;0.00;0.00;20.00;0.80;80.00;;1.00;0.00;;;;10.00;0.20;0.00;80.00;;300.00;0.00;;0.00;;;;;;;;;;;;;;;0.00;600.00;0.00;;;;0.00;0.00;0.00;0.00;0.00;0.00;;30.00;;;30.00;;;0.00;;;5.00;;;0.00;;;0.00;;;3.50;;;1.50;;;5.00;;;;;;;;;;0.00;12.00;566.00;;;
21;2_Klein_int;;76.00;Papiersaal, Zürich;Easy Life;21.03.2022;430.00;;;;;;;;;;;;0.00;72.00;;;2874.78;;;1559.90;;;;;0.00;;0.00;0.00;;;;;;10.00;0.80;;0.00;20.00;;;;1.00;0.00;;;;10.00;0.20;;0.00;;300.00;;;;;;;;;;;;;;;;;;;600.00;;;;;0.00;0.00;0.00;0.00;0.00;0.00;;;;;;;;0.00;;;0.00;;;0.00;;;0.00;;;0.00;;;0.00;;;0.00;;;;;;;;;;0.00;;36.00;;;
22;1_Klein_nat;;1567.00;Musical Theater, Basel;Patent Ochsner;22.03.2022;900.00;;;;;;;;;;;;0.00;1489.00;;;42756.18;;;17756.41;;;;;0.00;;0.00;0.00;;;;;;10.00;0.80;;0.00;20.00;;;;1.00;0.00;;;;10.00;0.20;;0.00;;300.00;;;;;;;;;;;;;;;;;;;600.00;;;;;0.00;0.00;0.00;0.00;0.00;0.00;;;;;;;;0.00;;;0.00;;;0.00;;;0.00;;;0.00;;;0.00;;;0.00;;;;;;;;;;0.00;;745.00;;;
23;1_Klein_nat;;1389.00;Musical Theater, Basel;Patent Ochsner;23.03.2022;900.00;;;;;;;;;;;;0.00;1320.00;;;37899.39;;;15739.41;;;;;0.00;;0.00;0.00;;;;;;10.00;0.80;;0.00;20.00;;;;1.00;0.00;;;;10.00;0.20;;0.00;;300.00;;;;;;;;;;;;;;;;;;;600.00;;;;;0.00;0.00;0.00;0.00;0.00;0.00;;;;;;;;0.00;;;0.00;;;0.00;;;0.00;;;0.00;;;0.00;;;0.00;;;;;;;;;;0.00;;660.00;;;
24;2_Klein_int;;650.00;Dynamo, Zürich;Fontaines DC;24.03.2022;442.00;;;;;;;;;;;;0.00;618.00;;;24586.94;;;13341.27;;;1.00;;0.00;;0.00;0.00;4.00;;0.10;0.00;;10.00;0.80;;0.00;20.00;0.00;;;1.00;0.00;;0.00;0.00;10.00;0.20;;0.00;12.00;300.00;1.00;0.00;300.00;0.00;0.00;0.00;0.00;0.00;0.00;0.00;;0.00;;0.00;0.00;0.00;;0.00;0.00;0.00;0.00;0.00;0.00;0.00;0.00;0.00;0.00;0.00;0.00;;;;;;;;0.00;;;0.00;;;0.00;;;0.00;;0.00;0.00;6.00;0.00;0.00;6.00;0.00;0.00;5.00;;;;;;;;;0.00;15.00;309.00;300.00;;
25;1_Klein_nat;;467.00;Kaufleuten, Zürich;Dabu Fantastic;31.03.2022;550.00;;;;;;;;;;;;0.00;444.00;;;12742.27;;;5291.79;;;;;0.00;;0.00;0.00;;;;;;10.00;0.80;;0.00;20.00;;;;1.00;0.00;;;;10.00;0.20;;0.00;;300.00;;;;;;;;;;;;;;;;;;;600.00;;;;;0.00;0.00;0.00;0.00;0.00;0.00;;;;;;;;0.00;;;0.00;;;0.00;;;0.00;;;0.00;;;0.00;;;0.00;;;;;;;;;;0.00;;222.00;;;
26;2_Klein_int;;1699.00;X-TRA, Zürich;Mighty Oaks;31.03.2022;890.00;;;;;;;;;;;;0.00;1614.00;;;64266.47;;;34872.04;15.00;;0.30;0.00;0.00;;0.00;0.00;8.00;;;0.00;;10.00;0.80;;0.00;20.00;0.70;210.00;;1.00;0.00;;;0.00;10.00;0.20;;210.00;18.00;300.00;1.00;;300.00;0.00;0.00;0.00;0.00;0.00;0.00;0.00;;0.00;;;0.00;1.00;0.00;0.00;600.00;0.00;;;;0.00;0.00;0.00;0.00;0.00;0.00;;;5.00;;;;;0.00;;;15.00;;;0.00;;;0.00;;;10.50;9.00;0.00;4.50;9.00;0.00;15.00;9.00;;;;;;;;;0.00;20.00;807.00;800.00;;
27;4_Gross_int;PSS;2309.00;Halle 622, Zürich;The War On Drugs;04.04.2022;2351.00;;;;;;;;;;;;0.00;2194.00;;;83738.64;;;58232.62;29.00;10.00;0.20;58.00;0.00;;0.00;0.00;;;;;21.00;10.00;0.80;168.00;226.00;20.00;0.80;464.00;200.00;1.00;0.00;;;;10.00;0.20;42.00;506.00;;300.00;2.00;;600.00;;;;;;;;;;;;;;;3.00;600.00;1800.00;;;;0.00;0.00;0.00;0.00;0.00;0.00;;72.00;;;30.00;;;0.00;;;29.00;;;0.00;;;0.00;;;20.30;;;8.70;;;29.00;;;;;;;;;;21.00;61.00;1097.00;;;
28;2_Klein_int;;1827.00;X-TRA, Zürich;Khruangbin;05.04.2022;890.00;;;;;;;;;;;;0.00;1736.00;;;69108.21;;;37499.24;15.00;;0.30;0.00;0.00;;0.00;0.00;8.00;;;0.00;;10.00;0.80;;0.00;20.00;0.70;210.00;;1.00;0.00;;;0.00;10.00;0.20;;210.00;18.00;300.00;1.00;;300.00;0.00;0.00;0.00;0.00;0.00;0.00;0.00;;0.00;;;0.00;1.00;0.00;0.00;600.00;0.00;;;;0.00;0.00;0.00;0.00;0.00;0.00;;;5.00;;;;;0.00;;;15.00;;;0.00;;;0.00;;;10.50;9.00;0.00;4.50;9.00;0.00;15.00;9.00;;;;;;;;;0.00;20.00;868.00;800.00;;
29;4_Gross_int;PSS;1890.00;Halle 622, Zürich;Louis Tomlinson;09.04.2022;2351.00;;;;;;;;;;;;0.00;1796.00;;;71491.25;;;38792.32;36.00;10.00;0.20;72.00;5.00;;0.00;0.00;;;;;39.00;10.00;0.80;312.00;384.00;20.00;0.80;576.00;200.00;1.00;1000.00;;;;10.00;0.20;78.00;1654.00;;300.00;4.00;;1200.00;;;;;;;;;;;;;;;3.00;600.00;1800.00;;;;0.00;0.00;0.00;0.00;0.00;0.00;;90.00;;;40.00;;;0.00;;;36.00;;;0.00;;;0.00;;;28.70;;;12.30;;;41.00;;;;;;;;;;39.00;100.00;898.00;;;
30;1_Klein_nat;;830.00;Musical Theater, Basel;Heimweh;10.04.2022;900.00;;;;;;;;;;;;0.00;789.00;;;22646.86;;;9405.12;;;;;0.00;;0.00;0.00;;;;;;10.00;0.80;;0.00;20.00;;;;1.00;0.00;;;;10.00;0.20;;0.00;;300.00;;;;;;;;;;;;;;;;;;;600.00;;;;;0.00;0.00;0.00;0.00;0.00;0.00;;;;;;;;0.00;;;0.00;;;0.00;;;0.00;;;0.00;;;0.00;;;0.00;;;;;;;;;;0.00;;395.00;;;
31;4_Gross_int;PSS;2078.00;Halle 622, Zürich;Nothing But Thieves;11.04.2022;2351.00;;;;;;;;;;;;0.00;1974.00;;;75361.15;;;52406.83;11.00;10.00;0.20;22.00;0.00;;0.00;0.00;;;;;5.00;10.00;0.80;40.00;62.00;20.00;0.80;176.00;200.00;1.00;0.00;;;;10.00;0.20;10.00;186.00;;300.00;1.00;;300.00;;;;;;;;;;;;;;;1.00;600.00;600.00;;;;0.00;0.00;0.00;0.00;0.00;0.00;;27.50;;;15.00;;;0.00;;;11.00;;;0.00;;;0.00;;;7.70;;;3.30;;;11.00;;;;;;;;;;5.00;80.00;987.00;;;
32;2_Klein_int;;589.00;Kaufleuten, Zürich;Cory Wong;11.04.2022;550.00;;;;;;;;;;;;0.00;560.00;;;22279.55;;;12089.25;;;;;0.00;;0.00;0.00;;;;;;10.00;0.80;;0.00;20.00;;;;1.00;0.00;;;;10.00;0.20;;0.00;;300.00;;;;;;;;;;;;;;;;;;;600.00;;;;;0.00;0.00;0.00;0.00;0.00;0.00;;;;;;;;0.00;;;0.00;;;0.00;;;0.00;;;0.00;;;0.00;;;0.00;;;;;;;;;;0.00;;280.00;;;
33;2_Klein_int;PSS;1335.00;KKL, Luzern;ZAZ;12.04.2022;2100.00;;;;;;;;;;;;0.00;1268.00;;;50497.79;;;27400.92;14.00;;;0.00;0.00;;0.00;0.00;;;;;2.00;10.00;0.80;16.00;16.00;20.00;;#WERT!;;1.00;0.00;;;;10.00;0.20;4.00;#WERT!;;300.00;;;;;;;;;;;;;;;;;;;600.00;;;;;0.00;0.00;0.00;0.00;0.00;0.00;;35.00;;;20.00;;;0.00;;;14.00;;;0.00;;;0.00;;;9.80;;;4.20;;;14.00;;;;;;;;;;2.00;48.00;634.00;;;
34;2_Klein_int;;1800.00;X-TRA, Zürich;Giant Rooks;19.04.2022;890.00;;;;;;;;;;;;0.00;1710.00;;;68086.91;;;36945.07;15.00;;0.30;0.00;0.00;;0.00;0.00;8.00;;;0.00;;10.00;0.80;;0.00;20.00;0.70;210.00;;1.00;0.00;;;0.00;10.00;0.20;;210.00;18.00;300.00;1.00;;300.00;0.00;0.00;0.00;0.00;0.00;0.00;0.00;;0.00;;;0.00;1.00;0.00;0.00;600.00;0.00;;;;0.00;0.00;0.00;0.00;0.00;0.00;;;5.00;;;;;0.00;;;15.00;;;0.00;;;0.00;;;10.50;9.00;0.00;4.50;9.00;0.00;15.00;9.00;;;;;;;;;0.00;20.00;855.00;800.00;;
35;1_Klein_nat;;1277.00;Volkshaus, Basel;Hecht;22.04.2022;605.00;;;;;;;;;;;;0.00;1213.00;;;34843.42;;;14470.28;;;;;0.00;;0.00;0.00;;;;;;10.00;0.80;;0.00;20.00;;;;1.00;0.00;;;;10.00;0.20;;0.00;;300.00;;;;;;;;;;;;;;;;;;;600.00;;;;;0.00;0.00;0.00;0.00;0.00;0.00;;;;;;;;0.00;;;0.00;;;0.00;;;0.00;;;0.00;;;0.00;;;0.00;;;;;;;;;;0.00;;607.00;;;
36;1_Klein_nat;;882.00;Simplonhalle, Brig ;Heimweh;23.04.2022;;;;;;;;;;;;;0.00;838.00;;;24065.70;;;9994.35;;;;;0.00;;0.00;0.00;;;;;;10.00;0.80;;0.00;20.00;;;;1.00;0.00;;;;10.00;0.20;;0.00;;300.00;;;;;;;;;;;;;;;;;;;600.00;;;;;0.00;0.00;0.00;0.00;0.00;0.00;;;;;;;;0.00;;;0.00;;;0.00;;;0.00;;;0.00;;;0.00;;;0.00;;;;;;;;;;0.00;;419.00;;;
37;2_Klein_int;PSS;1358.00;Theater 11, Zürich;Dita von Teese;25.04.2022;1700.00;;;;;;;;;;;;0.00;1290.00;;;51367.79;;;27873.00;13.00;;;0.00;0.00;;0.00;0.00;;;;;5.00;10.00;0.80;40.00;40.00;20.00;;#WERT!;;1.00;0.00;;;;10.00;0.20;10.00;#WERT!;;300.00;;;;;;;;;;;;;;;;;;1.00;600.00;600.00;;;;0.00;0.00;0.00;0.00;0.00;0.00;;61.00;;;51.00;;;0.00;;;13.00;;;0.00;;;0.00;;;9.10;;;3.90;;;13.00;;;;;;;;;;5.00;50.00;645.00;;;
38;2_Klein_int;;1317.00;X-TRA, Zürich;Bonobo;26.04.2022;890.00;;;;;;;;;;;;0.00;1251.00;;;49816.92;;;27031.47;15.00;;0.30;0.00;0.00;;0.00;0.00;8.00;;;0.00;;10.00;0.80;;0.00;20.00;0.70;210.00;;1.00;0.00;;;0.00;10.00;0.20;;210.00;18.00;300.00;1.00;;300.00;0.00;0.00;0.00;0.00;0.00;0.00;0.00;;0.00;;;0.00;1.00;0.00;0.00;600.00;0.00;;;;0.00;0.00;0.00;0.00;0.00;0.00;;;5.00;;;;;0.00;;;15.00;;;0.00;;;0.00;;;10.50;9.00;0.00;4.50;9.00;0.00;15.00;9.00;;;;;;;;;0.00;20.00;626.00;800.00;;
39;2_Klein_int;;538.00;Casino, Bern;Chilly Gonzales;26.04.2022;439.00;;;;;;;;;;;;0.00;511.00;;;20350.42;;;11042.47;;;;;0.00;;0.00;0.00;;;;;;10.00;0.80;;0.00;20.00;;;;1.00;0.00;;;;10.00;0.20;;0.00;;300.00;;;;;;;;;;;;;;;;;;;600.00;;;;;0.00;0.00;0.00;0.00;0.00;0.00;;;;;;;;0.00;;;0.00;;;0.00;;;0.00;;;0.00;;;0.00;;;0.00;;;;;;;;;;0.00;;256.00;;;
40;2_Klein_int;PSS;804.00;Theater 11, Zürich;Chilly Gonzales;28.04.2022;1700.00;;;;;;;;;;;;0.00;764.00;;;30412.15;;;16502.13;;;;;;;0.00;0.00;;;;;;10.00;0.80;;0.00;20.00;;;;1.00;;;;;10.00;0.20;;0.00;;300.00;;;;;;;;;;;;;;;;;;;600.00;;;;;0.00;0.00;0.00;0.00;0.00;0.00;;;;;;;;0.00;;;0.00;;;0.00;;;0.00;;;0.00;;;0.00;;;0.00;;;;;;;;;;0.00;;382.00;;;
41;2_Klein_int;;562.00;Kaufleuten, Zürich;Fletcher;28.04.2022;550.00;;;;;;;;;;;;0.00;534.00;;;21258.25;;;11535.07;;;;;0.00;;0.00;0.00;;;;;;10.00;0.80;;0.00;20.00;;;;1.00;0.00;;;;10.00;0.20;;0.00;;300.00;;;;;;;;;;;;;;;;;;;600.00;;;;;0.00;0.00;0.00;0.00;0.00;0.00;;;;;;;;0.00;;;0.00;;;0.00;;;0.00;;;0.00;;;0.00;;;0.00;;;;;;;;;;0.00;;267.00;;;
42;4_Gross_nat;PSS;953.00;Halle 622, Zürich;Heimweh;30.04.2022;2351.00;;;;;;;;;;;;0.00;905.00;;;26002.96;;;10798.89;;;;;;;0.00;0.00;;;;;;10.00;0.80;;0.00;20.00;;;200.00;1.00;;;;;10.00;0.20;;0.00;;300.00;;;;;;;;;;;;;;;;;;;600.00;;;;;0.00;0.00;0.00;0.00;0.00;0.00;;;;;;;;0.00;;;0.00;;;0.00;;;0.00;;;0.00;;;0.00;;;0.00;;;;;;;;;;0.00;;453.00;;;
43;4_Gross_int;PSS;2886.00;Halle 622, Zürich;5 Seconds Of Summer;02.05.2022;2351.00;;;;;;;;;;;;0.00;2742.00;;;104664.23;;;72784.47;;10.00;0.20;;;;0.00;0.00;;;;;;10.00;0.80;;0.00;20.00;0.80;;200.00;1.00;;;;;10.00;0.20;;0.00;;300.00;;;;;;;;;;;;;;;;;;;600.00;;;;;0.00;0.00;0.00;0.00;0.00;0.00;;;;;;;;0.00;;;0.00;;;0.00;;;0.00;;;0.00;;;0.00;;;0.00;;;;;;;;;;0.00;;1371.00;;;
44;2_Klein_int;;736.00;Kaufleuten, Zürich;John Butler (Solo);02.05.2022;550.00;;;;;;;;;;;;0.00;699.00;;;27839.98;;;15106.43;;;;;0.00;;0.00;0.00;;;;;;10.00;0.80;;0.00;20.00;;;;1.00;0.00;;;;10.00;0.20;;0.00;;300.00;;;;;;;;;;;;;;;;;;;600.00;;;;;0.00;0.00;0.00;0.00;0.00;0.00;;;;;;;;0.00;;;0.00;;;0.00;;;0.00;;;0.00;;;0.00;;;0.00;;;;;;;;;;0.00;;350.00;;;
45;1_Klein_nat;;787.00;Kaufleuten, Zürich;Hecht;03.05.2022;550.00;;;;;;;;;;;;0.00;748.00;;;21473.59;;;8917.86;;;;;0.00;;0.00;0.00;;;;;;10.00;0.80;;0.00;20.00;;;;1.00;0.00;;;;10.00;0.20;;0.00;;300.00;;;;;;;;;;;;;;;;;;;600.00;;;;;0.00;0.00;0.00;0.00;0.00;0.00;;;;;;;;0.00;;;0.00;;;0.00;;;0.00;;;0.00;;;0.00;;;0.00;;;;;;;;;;0.00;;374.00;;;
46;2_Klein_int;;619.00;Alhambra, Geneva;John Butler (Solo);04.05.2022;;;;;;;;;;;;;0.00;588.00;;;23414.33;;;12705.00;;;;;0.00;;0.00;0.00;;;;;;10.00;0.80;;0.00;20.00;;;;1.00;0.00;;;;10.00;0.20;;0.00;;300.00;;;;;;;;;;;;;;;;;;;600.00;;;;;0.00;0.00;0.00;0.00;0.00;0.00;;;;;;;;0.00;;;0.00;;;0.00;;;0.00;;;0.00;;;0.00;;;0.00;;;;;;;;;;0.00;;294.00;;;
47;2_Klein_int;;525.00;Kaufleuten, Zürich;Mitski;06.05.2022;550.00;;;;;;;;;;;;0.00;499.00;;;19858.68;;;10775.64;;;;;0.00;;0.00;0.00;;;;;;10.00;0.80;;0.00;20.00;;;;1.00;0.00;;;;10.00;0.20;;0.00;;300.00;;;;;;;;;;;;;;;;;;;600.00;;;;;0.00;0.00;0.00;0.00;0.00;0.00;;;;;;;;0.00;;;0.00;;;0.00;;;0.00;;;0.00;;;0.00;;;0.00;;;;;;;;;;0.00;;250.00;;;
48;1_Klein_nat;;1137.00;Congress Centre, Interlaken ;Heimweh;07.05.2022;;;;;;;;;;;;;0.00;1080.00;;;31023.47;;;12883.88;;;;;0.00;;0.00;0.00;;;;;;10.00;0.80;;0.00;20.00;;;;1.00;0.00;;;;10.00;0.20;;0.00;;300.00;;;;;;;;;;;;;;;;;;;600.00;;;;;0.00;0.00;0.00;0.00;0.00;0.00;;;;;;;;0.00;;;0.00;;;0.00;;;0.00;;;0.00;;;0.00;;;0.00;;;;;;;;;;0.00;;540.00;;;
49;2_Klein_int;;300.00;Exil, Zürich;Imminence;12.05.2022;;;;;;;;;;;;;0.00;285.00;;;11347.82;;;6157.51;5.00;;;0.00;0.00;;0.00;0.00;4.00;;;0.00;;10.00;0.80;;0.00;20.00;;#WERT!;;1.00;0.00;;;0.00;10.00;0.20;;#WERT!;22.00;300.00;1.00;;300.00;0.00;0.00;0.00;0.00;0.00;0.00;0.00;;;;0.00;0.00;0.00;0.00;0.00;600.00;0.00;0.00;0.00;0.00;0.00;0.00;0.00;0.00;0.00;0.00;;;;;;;;0.00;;;5.00;;;0.00;;;0.00;;0.00;3.50;;0.00;1.50;;;5.00;5.00;;;;;;;;;0.00;10.00;143.00;200.00;;
50;2_Klein_int;;272.00;Volkshaus, Basel;Pippo Pollina;13.05.2022;605.00;;;;;;;;;;;;0.00;258.00;;;10288.69;;;5582.81;;;;;0.00;;0.00;0.00;;;;;;10.00;0.80;;0.00;20.00;;;;1.00;0.00;;;;10.00;0.20;;0.00;;300.00;;;;;;;;;;;;;;;;;;;600.00;;;;;0.00;0.00;0.00;0.00;0.00;0.00;;;;;;;;0.00;;;0.00;;;0.00;;;0.00;;;0.00;;;0.00;;;0.00;;;;;;;;;;0.00;;129.00;;;
51;2_Klein_int;;118.00;Exil, Zürich;Rikas;14.05.2022;;;;;;;;;;;;;0.00;112.00;;;4463.47;;;2421.95;5.00;;;0.00;0.00;;0.00;0.00;4.00;;;0.00;;10.00;0.80;;0.00;20.00;;#WERT!;;1.00;0.00;;;0.00;10.00;0.20;;#WERT!;8.00;300.00;0.00;;0.00;0.00;0.00;0.00;0.00;0.00;0.00;1.00;;;;0.00;0.00;0.00;0.00;0.00;600.00;0.00;0.00;0.00;0.00;0.00;0.00;0.00;0.00;0.00;0.00;;;;;;;;0.00;;;5.00;;;0.00;;;0.00;;0.00;3.50;;0.00;1.50;;;5.00;5.00;;;;;;;;;0.00;10.00;56.00;200.00;;
52;4a_Hasta_int;PSS;4128.00;Hallenstadion, Zürich;Simple Minds;14.05.2022;5800.00;4087.57;;;;;;;300.00;;;;0.00;3922.00;;;166857.45;;;140026.30;36.00;10.00;0.20;72.00;6.00;;0.00;0.00;;;;;76.00;10.00;0.80;608.00;680.00;20.00;0.80;576.00;200.00;1.00;1200.00;;;;10.00;0.20;152.00;1928.00;;300.00;3.00;;900.00;;;;;;;;;;;;;;;3.00;600.00;1800.00;;;;0.00;0.00;0.00;0.00;0.00;0.00;986.59;181.00;;86.69;54.00;;15.27;0.00;;1425.40;36.00;;337.67;0.00;;634.89;0.00;;954.81;29.40;;1077.41;12.60;;94.94;42.00;;;;;;;;;;76.00;85.00;1961.00;;;
53;4a_Hasta_int;PSS;2822.00;Hallenstadion, Zürich;Pet Shop Boys;15.05.2022;5800.00;4244.56;;;;;;;300.00;;;;0.00;2681.00;;;114067.76;;;95725.34;49.00;10.00;0.20;98.00;9.00;;0.00;0.00;;;;;53.00;10.00;0.80;424.00;522.00;20.00;0.80;784.00;200.00;1.00;1800.00;;;;10.00;0.20;106.00;2690.00;;300.00;2.00;;600.00;;;;;;;;;;;;;;;5.00;600.00;3000.00;;;;0.00;0.00;0.00;0.00;0.00;0.00;674.46;204.00;;59.26;77.00;;10.44;0.00;;974.44;49.00;;230.84;0.00;;434.02;0.00;;652.73;40.60;;736.54;17.40;;64.91;58.00;;;;;;;;;;53.00;100.00;1341.00;;;
54;2_Klein_int;;388.00;Kaufleuten, Zürich;Tom Gregory;16.05.2022;550.00;;;;;;;;;;;;0.00;369.00;;;14676.51;;;7963.71;12.00;;;0.00;0.00;;0.00;0.00;;;;;;10.00;0.80;;0.00;20.00;;#WERT!;;1.00;0.00;;;;10.00;0.20;;#WERT!;10.00;300.00;1.00;;300.00;0.00;0.00;0.00;0.00;0.00;0.00;0.00;;1.00;5.00;0.00;;0.00;;0.00;600.00;0.00;0.00;;0.00;0.00;0.00;0.00;0.00;0.00;0.00;;;5.00;;;8.00;;0.00;1.00;;12.00;8.00;;0.00;1.00;;0.00;1.00;0.00;8.40;5.00;0.00;3.60;5.00;0.00;12.00;8.00;;;;;;;;;0.00;8.00;185.00;300.00;;
55;4a_Hasta_int;PSS;10342.00;Hallenstadion, Zürich;OneRepublic;16.05.2022;5800.00;4546.85;;;;;;;350.00;;;;0.00;9825.00;;;418032.88;;;350812.00;56.00;10.00;0.20;112.00;13.00;;0.00;0.00;;;;;93.00;10.00;0.80;744.00;856.00;20.00;0.80;896.00;200.00;1.00;2600.00;;;;10.00;0.20;186.00;3682.00;;300.00;5.00;;1500.00;;;;;;;;;;;;;;;6.00;600.00;3600.00;;;;0.00;0.00;0.00;0.00;0.00;0.00;2471.74;276.00;;217.18;96.00;;38.27;0.00;;3571.09;56.00;;845.98;0.00;;1590.60;0.00;;2392.10;48.30;;2699.26;20.70;;237.87;69.00;;;;;;;;;;93.00;210.00;4913.00;;;
56;2_Klein_int;PSS;1446.00;Kongresshaus, Zürich;ZAZ;17.05.2022;2000.00;;;;;;;;;;;;0.00;1374.00;;;54696.48;;;29679.20;28.00;;;0.00;0.00;;0.00;0.00;;;;;2.00;10.00;0.80;16.00;16.00;20.00;;#WERT!;;1.00;0.00;;;;10.00;0.20;4.00;#WERT!;;300.00;2.00;;600.00;;;;;;;;;;;;;;;1.00;600.00;600.00;;;;0.00;0.00;0.00;0.00;0.00;0.00;;55.00;;;25.00;;;0.00;;;28.00;;;0.00;;;0.00;;;19.60;;;8.40;;;28.00;;;;;;;;;;2.00;58.00;687.00;;;
57;2_Klein_int;PSS;1498.00;Volkshaus, Zürich;Conan Gray;17.05.2022;462.00;;;;;;;;;;;;0.00;1423.00;;;56663.44;;;30746.51;;10.00;0.80;;;;0.00;0.00;;;;;;10.00;0.80;;0.00;20.00;0.20;;;1.00;;;;;10.00;0.20;;0.00;;300.00;;;;;;;;;;;;;;;;;;;600.00;;;;;0.00;0.00;0.00;0.00;0.00;0.00;;;;;;;;0.00;;;0.00;;;0.00;;;0.00;;;0.00;;;0.00;;;0.00;;;;;;;;;;0.00;;712.00;;;
58;2_Klein_int;;1800.00;X-TRA, Zürich;Foals;18.05.2022;890.00;;;;;;;;;;;;0.00;1710.00;;;68086.91;;;36945.07;15.00;;0.30;0.00;0.00;;0.00;0.00;8.00;;;0.00;;10.00;0.80;;0.00;20.00;0.70;210.00;;1.00;0.00;;;0.00;10.00;0.20;;210.00;18.00;300.00;1.00;;300.00;0.00;0.00;0.00;0.00;0.00;0.00;0.00;;0.00;;;0.00;1.00;0.00;0.00;600.00;0.00;;;;0.00;0.00;0.00;0.00;0.00;0.00;;;5.00;;;;;0.00;;;15.00;;;0.00;;;0.00;;;10.50;9.00;0.00;4.50;9.00;0.00;15.00;9.00;;;;;;;;;0.00;20.00;855.00;800.00;;
59;2_Klein_int;;758.00;Z7, Pratteln;Electric Callboy;19.05.2022;;;;;;;;;;;;;0.00;720.00;;;28672.15;;;15557.98;;;;;0.00;;0.00;0.00;;;;;;10.00;0.80;;0.00;20.00;;;;1.00;0.00;;;;10.00;0.20;;0.00;;300.00;;;;;;;;;;;;;;;;;;;600.00;;;;;0.00;0.00;0.00;0.00;0.00;0.00;;;;;;;;0.00;;;0.00;;;0.00;;;0.00;;;0.00;;;0.00;;;0.00;;;;;;;;;;0.00;;360.00;;;
60;4a_Hasta_int;PSS;8229.00;Hallenstadion, Zürich;Scooter;19.05.2022;5800.00;5664.25;;;;;;;340.00;;;;0.00;7818.00;;;332623.53;;;279136.72;59.00;10.00;0.20;118.00;15.00;;0.00;0.00;;;;;94.00;10.00;0.80;752.00;870.00;20.00;0.80;944.00;200.00;1.00;3000.00;;;;10.00;0.20;188.00;4132.00;;300.00;3.00;;900.00;;;;;;;;;;;;;;;6.00;600.00;3600.00;;;;0.00;0.00;0.00;0.00;0.00;0.00;1966.73;298.00;;172.81;108.00;;30.45;0.00;;2841.47;59.00;;673.13;0.00;;1265.62;0.00;;1903.37;51.80;;2147.77;22.20;;189.27;74.00;;;;;;;;;;94.00;195.00;3909.00;;;
61;1_Klein_nat;;1355.00;Forum Ried, Landquart ;Heimweh (2x, Abend & Nachmittag);21.05.2022;;;;;;;;;;;;;0.00;1287.00;;;36971.68;;;15354.14;;;;;0.00;;0.00;0.00;;;;;;10.00;0.80;;0.00;20.00;;;;1.00;0.00;;;;10.00;0.20;;0.00;;300.00;;;;;;;;;;;;;;;;;;;600.00;;;;;0.00;0.00;0.00;0.00;0.00;0.00;;;;;;;;0.00;;;0.00;;;0.00;;;0.00;;;0.00;;;0.00;;;0.00;;;;;;;;;;0.00;;644.00;;;
62;1_Klein_nat;;825.00;Braui, Hochdorf;Heimweh;22.05.2022;187.00;;;;;;;;;;;;0.00;784.00;;;22510.44;;;9348.46;;;;;0.00;;0.00;0.00;;;;;;10.00;0.80;;0.00;20.00;;;;1.00;0.00;;;;10.00;0.20;;0.00;;300.00;;;;;;;;;;;;;;;;;;;600.00;;;;;0.00;0.00;0.00;0.00;0.00;0.00;;;;;;;;0.00;;;0.00;;;0.00;;;0.00;;;0.00;;;0.00;;;0.00;;;;;;;;;;0.00;;392.00;;;
63;4a_Hasta_int;PSS;9147.00;Hallenstadion, Zürich;Sunrise Avenue;23.05.2022;5800.00;11448.93;;;;;;;1120.00;;;;0.00;8690.00;;;369729.91;;;310276.29;63.00;10.00;0.20;126.00;25.00;;0.00;0.00;;;;;92.00;10.00;0.80;736.00;862.00;20.00;0.80;1008.00;200.00;1.00;5000.00;;;;10.00;0.20;184.00;6192.00;;300.00;0.00;;0.00;;;;;;;;;;;;;;;2.00;600.00;1200.00;;;;0.00;0.00;0.00;0.00;0.00;0.00;2186.13;266.00;;192.09;83.00;;33.84;0.00;;3158.46;63.00;;748.22;0.00;;1406.81;0.00;;2115.70;61.60;;2387.37;26.40;;210.38;88.00;;;;;;;;;;92.00;80.00;4345.00;;;
64;4a_Hasta_int;PSS;9591.00;Hallenstadion, Zürich;Sunrise Avenue;24.05.2022;5800.00;4240.97;;;;;;;690.00;;;;0.00;9111.00;;;387676.79;;;325337.26;63.00;10.00;0.20;126.00;25.00;;0.00;0.00;;;;;92.00;10.00;0.80;736.00;862.00;20.00;0.80;1008.00;200.00;1.00;5000.00;;;;10.00;0.20;184.00;6192.00;;300.00;0.00;;0.00;;;;;;;;;;;;;;;2.00;600.00;1200.00;;;;0.00;0.00;0.00;0.00;0.00;0.00;2292.25;266.00;;201.41;83.00;;35.49;0.00;;3311.77;63.00;;784.54;0.00;;1475.10;0.00;;2218.40;61.60;;2503.25;26.40;;220.59;88.00;;;;;;;;;;92.00;80.00;4556.00;;;
65;2_Klein_int;;19.00;Kater, Zürich;Josh Savage;29.05.2022;;;;;;;;;;;;;0.00;18.00;;;718.70;;;389.98;2.00;;;0.00;0.00;;0.00;0.00;2.00;;;0.00;;10.00;0.80;;0.00;20.00;;#WERT!;;1.00;0.00;;;0.00;10.00;0.20;;#WERT!;2.00;300.00;0.00;;0.00;0.00;0.00;0.00;0.00;0.00;0.00;1.00;;;;;;;;;600.00;;;;;0.00;0.00;0.00;0.00;0.00;0.00;;;2.00;;;2.00;;0.00;;;2.00;2.00;;0.00;0.00;;0.00;0.00;0.00;1.40;0.00;0.00;0.60;0.00;0.00;2.00;2.00;;;;;;;;;0.00;0.00;9.00;;;
66;5_Stadien_Ramm1;PSS;48146.00;Letzigrund, Zürich;Rammstein;30.05.2022;;;;;;;;;;;;;3500.00;45739.00;;;3976486.70;;;2501293.18;1300.00;10.00;0.80;10400.00;64.00;;0.00;0.00;;;;;700.00;10.00;0.95;6650.00;17050.00;20.00;0.20;5200.00;200.00;1.00;12800.00;;;;10.00;0.05;350.00;18350.00;;300.00;9.00;;2700.00;;;;;;;;;9.00;;;;;;85.00;600.00;51000.00;4.00;300.00;1200.00;0.00;0.00;0.00;0.00;0.00;0.00;;#WERT!;;;#WERT!;;;0.00;;;1300.00;;;0.00;;;0.00;;;954.80;;;409.20;;;1364.00;;;;;;;;;;700.00;30.00;22870.00;;;
67;5_Stadien_Ramm2;PSS;48089.00;Letzigrund, Zürich;Rammstein;31.05.2022;;;;;;;;;;;;;3500.00;45685.00;;;3971778.95;;;2498331.90;1300.00;0.00;0.80;0.00;64.00;;0.00;0.00;;;;;700.00;0.00;0.95;0.00;0.00;0.00;0.20;0.00;0.00;1.00;0.00;;;;0.00;0.05;0.00;0.00;;0.00;9.00;;0.00;;;;;;;;;;0.00;;0.00;;0.00;;0.00;;;0.00;;0.00;0.00;0.00;0.00;0.00;0.00;;;;;;;;;;;1300.00;;;0.00;;;;;;954.80;;;409.20;;;1364.00;;;;;;;;;;700.00;;22843.00;;;
68;5_Stadien_EJ;PSS;21229.00;Stadion Wankdorf, Bern;Elton John;01.06.2022;;;;;;;;;;;;;2250.00;20168.00;;;1290520.89;;;715440.37;;;;;;;0.00;0.00;;;;;;10.00;0.80;;0.00;20.00;;;;1.00;;;;;10.00;0.20;;0.00;;300.00;8.00;;2400.00;;;;;;;;;9.00;;;;;;47.00;600.00;28200.00;3.00;60.00;180.00;0.00;0.00;0.00;0.00;0.00;0.00;;#WERT!;;;#WERT!;;;0.00;;;0.00;;;0.00;;;0.00;;;0.00;;;0.00;;;0.00;;;;;;;;;;0.00;;10084.00;;;
69;4a_Hasta_int;PSS;9786.00;Hallenstadion, Zürich;Zucchero;05.06.2022;5800.00;6165.24;;;;;;;70.00;;;;0.00;9297.00;;;395558.86;;;331951.87;69.00;10.00;0.20;138.00;12.00;;0.00;0.00;;;;;87.00;10.00;0.80;696.00;834.00;20.00;0.80;1104.00;200.00;1.00;2400.00;;;;10.00;0.20;174.00;3678.00;;300.00;3.00;;900.00;;;;;;;;;;;;;;;5.00;600.00;3000.00;;;;0.00;0.00;0.00;0.00;0.00;0.00;2338.85;311.00;;205.51;119.00;;36.21;0.00;;3379.11;69.00;;800.49;0.00;;1505.09;0.00;;2263.50;56.70;;2554.15;24.30;;225.08;81.00;;;;;;;;;;87.00;144.00;4649.00;;;
70;2_Klein_int;;63.00;Exil, Zürich;Justin Jesso;07.06.2022;;;;;;;;;;;;;0.00;60.00;;;2383.04;;;1293.08;5.00;;;0.00;0.00;;0.00;0.00;4.00;;;0.00;;10.00;0.80;;0.00;20.00;;#WERT!;;1.00;0.00;;;0.00;10.00;0.20;;#WERT!;6.00;300.00;0.00;;0.00;0.00;0.00;0.00;0.00;0.00;0.00;1.00;;;;0.00;0.00;0.00;0.00;0.00;600.00;0.00;0.00;0.00;0.00;0.00;0.00;0.00;0.00;0.00;0.00;;;;;;;;0.00;;;5.00;;;0.00;;;0.00;;0.00;3.50;;0.00;1.50;;;5.00;5.00;;;;;;;;;0.00;10.00;30.00;200.00;;
71;2_Klein_int;;1733.00;X-TRA, Zürich;Deftones;07.06.2022;890.00;;;;;;;;;;;;0.00;1646.00;;;65552.56;;;35569.89;15.00;;0.30;0.00;0.00;;0.00;0.00;8.00;;;0.00;;10.00;0.80;;0.00;20.00;0.70;210.00;;1.00;0.00;;;0.00;10.00;0.20;;210.00;18.00;300.00;1.00;;300.00;0.00;0.00;0.00;0.00;0.00;0.00;0.00;;0.00;;;0.00;1.00;0.00;0.00;600.00;0.00;;;;0.00;0.00;0.00;0.00;0.00;0.00;;;5.00;;;;;0.00;;;15.00;;;0.00;;;0.00;;;10.50;9.00;0.00;4.50;9.00;0.00;15.00;9.00;;;;;;;;;0.00;20.00;823.00;800.00;;
72;2_Klein_int;;55.00;Exil, Zürich;Engst;08.06.2022;;;;;;;;;;;;;0.00;52.00;;;2080.43;;;1128.88;5.00;;;0.00;0.00;;0.00;0.00;4.00;;;0.00;;10.00;0.80;;0.00;20.00;;#WERT!;;1.00;0.00;;;0.00;10.00;0.20;;#WERT!;8.00;300.00;0.00;;0.00;0.00;0.00;0.00;0.00;0.00;0.00;1.00;;;;0.00;0.00;0.00;0.00;0.00;600.00;0.00;0.00;0.00;0.00;0.00;0.00;0.00;0.00;0.00;0.00;;;;;;;;0.00;;;5.00;;;0.00;;;0.00;;0.00;3.50;;0.00;1.50;;;5.00;5.00;;;;;;;;;0.00;10.00;26.00;200.00;;
73;5_Stadien_ID;PSS;38816.00;Stadion Wankdorf, Bern;Imagine Dragons;09.06.2022;;;;;;;;;;;;;2250.00;36875.00;;;2654067.41;;;1399628.79;;;;;;;0.00;0.00;;;;;;10.00;0.80;;0.00;20.00;;;;1.00;;;;;10.00;0.20;;0.00;;300.00;6.00;;1800.00;;;;;;;;;6.00;;;;;;19.00;600.00;11400.00;3.00;60.00;180.00;0.00;0.00;0.00;0.00;0.00;0.00;;#WERT!;;;#WERT!;;;0.00;;;0.00;;;0.00;;;0.00;;;0.00;;;0.00;;;0.00;;;;;;;;;;0.00;;18438.00;;;
74;2_Klein_int;PSS;1025.00;Volkshaus, Zürich;Daniel Sloss;10.06.2022;462.00;;;;;;;;;;;;0.00;974.00;;;38771.71;;;21038.16;;10.00;0.80;;;;0.00;0.00;;;;;;10.00;0.80;;0.00;20.00;0.20;;;1.00;;;;;10.00;0.20;;0.00;;300.00;;;;;;;;;;;;;;;;;;;600.00;;;;;0.00;0.00;0.00;0.00;0.00;0.00;;;;;;;;0.00;;;0.00;;;0.00;;;0.00;;;0.00;;;0.00;;;0.00;;;;;;;;;;0.00;;487.00;;;
75;4_Gross_int;PSS;2184.00;Halle 622, Zürich;Lorde;13.06.2022;2351.00;;;;;;;;;;;;0.00;2075.00;;;79205.37;;;55080.14;31.00;10.00;0.20;62.00;0.00;;0.00;0.00;;;;;;10.00;0.80;;62.00;20.00;0.80;496.00;200.00;1.00;0.00;;;;10.00;0.20;;496.00;;300.00;1.00;;300.00;;;;;;;;;;;;;;;3.00;600.00;1800.00;;;;0.00;0.00;0.00;0.00;0.00;0.00;;62.00;;;25.00;;;0.00;;;31.00;;;0.00;;;0.00;;;21.70;;;9.30;;;31.00;;;;;;;;;;0.00;150.00;1038.00;;;
76;2_Klein_int;;1056.00;X-TRA, Zürich;Tocotronic ;15.06.2022;890.00;;;;;;;;;;;;0.00;1003.00;;;39944.32;;;21674.44;15.00;;0.30;0.00;0.00;;0.00;0.00;8.00;;;0.00;;10.00;0.80;;0.00;20.00;0.70;210.00;;1.00;0.00;;;0.00;10.00;0.20;;210.00;18.00;300.00;1.00;;300.00;0.00;0.00;0.00;0.00;0.00;0.00;0.00;;0.00;;;0.00;1.00;0.00;0.00;600.00;0.00;;;;0.00;0.00;0.00;0.00;0.00;0.00;;;5.00;;;;;0.00;;;15.00;;;0.00;;;0.00;;;10.50;9.00;0.00;4.50;9.00;0.00;15.00;9.00;;;;;;;;;0.00;20.00;502.00;800.00;;
77;4_Gross_int;PSS;3591.00;Halle 622, Zürich;Olivia Rodrigo;15.06.2022;2351.00;;;;;;;;;;;;0.00;3411.00;;;130231.90;;;90564.45;;10.00;0.20;;;;0.00;0.00;;;;;;10.00;0.80;;0.00;20.00;0.80;;200.00;1.00;;;;;10.00;0.20;;0.00;;300.00;;;;;;;;;;;;;;;;;;;600.00;;;;;0.00;0.00;0.00;0.00;0.00;0.00;;;;;;;;0.00;;;0.00;;;0.00;;;0.00;;;0.00;;;0.00;;;0.00;;;;;;;;;;0.00;;1706.00;;;
78;0_cancelled;PSS;;Stadion Wankdorf, Bern;The Rolling Stones ABGESAGT;17.06.2022;;;;;;;;;;;;;0.00;;;;;;;;600.00;10.00;0.20;1200.00;;;0.00;0.00;;;;;;10.00;0.80;;1200.00;20.00;0.80;9600.00;;1.00;;;;;10.00;0.20;;9600.00;;300.00;0.00;;0.00;;;;;;;;;3.00;;;;;;28.00;600.00;16800.00;3.00;60.00;180.00;0.00;0.00;0.00;0.00;0.00;0.00;;;;;;;;0.00;;;600.00;;;0.00;;;0.00;;;420.00;;;180.00;;;600.00;;;;;;;;;;0.00;;#WERT!;;;
79;2_Klein_int;;57.00;Exil, Zürich;Hot Milk;17.06.2022;;;;;;;;;;;;;0.00;54.00;;;2156.09;;;1169.93;5.00;;;0.00;0.00;;0.00;0.00;4.00;;;0.00;;10.00;0.80;;0.00;20.00;;#WERT!;;1.00;0.00;;;0.00;10.00;0.20;;#WERT!;5.00;300.00;0.00;;0.00;0.00;0.00;0.00;0.00;0.00;0.00;1.00;;;;0.00;0.00;0.00;0.00;0.00;600.00;0.00;0.00;0.00;0.00;0.00;0.00;0.00;0.00;0.00;0.00;;;;;;;;0.00;;;5.00;;;0.00;;;0.00;;0.00;3.50;;0.00;1.50;;;5.00;5.00;;;;;;;;;0.00;10.00;27.00;200.00;;
80;2_Klein_int;PSS;681.00;Volkshaus, Zürich;Beck;22.06.2022;462.00;;;;;;;;;;;;0.00;647.00;;;25759.55;;;13977.55;24.00;10.00;0.80;192.00;0.00;;0.00;0.00;;;;;21.00;10.00;0.80;168.00;360.00;20.00;0.20;96.00;;1.00;0.00;;;;10.00;0.20;42.00;138.00;;300.00;3.00;;900.00;;;;;;;;;;;;;;;2.00;600.00;1200.00;;;;0.00;0.00;0.00;0.00;0.00;0.00;;94.00;;;75.00;;;0.00;;;24.00;;;0.00;;;0.00;;;16.80;;;7.20;;;24.00;;;;;;;;;;21.00;70.00;324.00;;;
81;2_Klein_int;;195.00;Kaufleuten, Zürich;Cat Power;22.06.2022;550.00;;;;;;;;;;;;0.00;185.00;;;7376.08;;;4002.38;12.00;;;0.00;0.00;;0.00;0.00;;;;;;10.00;0.80;;0.00;20.00;;#WERT!;;1.00;0.00;;;;10.00;0.20;;#WERT!;10.00;300.00;1.00;;300.00;0.00;0.00;0.00;0.00;0.00;0.00;0.00;;1.00;5.00;0.00;;0.00;;0.00;600.00;0.00;0.00;;0.00;0.00;0.00;0.00;0.00;0.00;0.00;;;5.00;;;8.00;;0.00;1.00;;12.00;8.00;;0.00;1.00;;0.00;0.00;0.00;8.40;5.00;0.00;3.60;5.00;0.00;12.00;8.00;;;;;;;;;0.00;8.00;93.00;300.00;;
82;4a_Hasta_int;PSS;14479.00;Hallenstadion, Zürich;Pearl Jam;23.06.2022;5800.00;;;;;;;;;;;;0.00;13755.00;;;585254.12;;;491143.59;89.00;10.00;0.20;178.00;21.00;;0.00;0.00;;;;;106.00;10.00;0.80;848.00;1026.00;20.00;0.80;1424.00;200.00;1.00;4200.00;;;;10.00;0.20;212.00;5836.00;;300.00;5.00;;1500.00;;;;;;;;;;;;;;;13.00;600.00;7800.00;;;;0.00;0.00;0.00;0.00;0.00;0.00;3460.48;274.00;;304.06;75.00;;53.57;0.00;;4999.60;89.00;;1184.38;0.00;;2226.87;0.00;;3348.99;77.00;;3779.02;33.00;;333.02;110.00;;;;;;;;;;106.00;250.00;6878.00;;;
83;2_Klein_int;PSS;992.00;KKL, Luzern;Nick Mason;24.06.2022;2100.00;;;;;;;;;;;;0.00;942.00;;;37523.45;;;20360.84;18.00;;;0.00;0.00;;0.00;0.00;;;;;5.00;10.00;0.80;40.00;40.00;20.00;;#WERT!;;1.00;0.00;;;;10.00;0.20;10.00;#WERT!;;300.00;2.00;;600.00;;;;;;;;;;;;;;;1.00;600.00;600.00;;;;0.00;0.00;0.00;0.00;0.00;0.00;;45.00;;;20.00;;;0.00;;;18.00;;;0.00;;;0.00;;;12.60;;;5.40;;;18.00;;;;;;;;;;5.00;60.00;471.00;;;
84;4a_Hasta_int;PSS;14166.00;Hallenstadion, Zürich;Queen & Adam Lambert;28.06.2022;5800.00;7005.71;;;;;;;30.00;;;;0.00;13458.00;;;572602.38;;;480526.29;191.00;10.00;0.20;382.00;65.00;;0.00;0.00;;;;;105.00;10.00;0.80;840.00;1222.00;20.00;0.80;3056.00;200.00;1.00;13000.00;;;;10.00;0.20;210.00;16266.00;;300.00;7.00;;2100.00;;;;;;;3.00;;;;;;;;30.00;600.00;18000.00;;;;0.00;0.00;0.00;0.00;0.00;0.00;3385.67;281.00;;297.49;86.00;;52.41;0.00;;4891.52;191.00;;1158.78;0.00;;2178.73;0.00;;3276.60;179.20;;3697.33;76.80;;325.82;256.00;;;;;;;;;;105.00;;6729.00;;;
85;2_Klein_int;;530.00;X-TRA, Zürich;Juanes;03.07.2022;890.00;;;;;;;;;;;;0.00;504.00;;;20047.81;;;10878.27;15.00;;0.30;0.00;0.00;;0.00;0.00;8.00;;;0.00;;10.00;0.80;;0.00;20.00;0.70;210.00;;1.00;0.00;;;0.00;10.00;0.20;;210.00;18.00;300.00;1.00;;300.00;0.00;1.00;0.00;0.00;0.00;0.00;0.00;;0.00;;;0.00;1.00;0.00;0.00;600.00;0.00;;;;0.00;0.00;0.00;0.00;0.00;0.00;;;5.00;;;;;0.00;;;15.00;;;0.00;;;0.00;;;10.50;9.00;0.00;4.50;9.00;0.00;15.00;9.00;;;;;;;;;0.00;20.00;252.00;800.00;;
86;2_Klein_int;PSS;1820.00;Volkshaus, Zürich;Jan Delay ;04.07.2022;462.00;;;;;;;;;;;;0.00;1729.00;;;68843.43;;;37355.57;11.00;10.00;0.80;88.00;0.00;;0.00;0.00;;;;;19.00;10.00;0.80;152.00;240.00;20.00;0.20;44.00;;1.00;0.00;;;;10.00;0.20;38.00;82.00;;300.00;;;;;;;;;;;;;;;;;;;600.00;;;;;0.00;0.00;0.00;0.00;0.00;0.00;;56.00;;;39.00;;;0.00;;;11.00;;;0.00;;;0.00;;;7.70;;;3.30;;;11.00;;;;;;;;;;19.00;98.00;865.00;;;
87;2_Klein_int;;417.00;Dynamo, Zürich;Jeremy Zucker;17.07.2022;442.00;;;;;;;;;;;;0.00;396.00;;;15773.47;;;8558.94;;;1.00;;0.00;;0.00;0.00;4.00;;0.10;0.00;;10.00;0.80;;0.00;20.00;0.00;;;1.00;0.00;;0.00;0.00;10.00;0.20;;0.00;6.00;300.00;0.00;0.00;0.00;0.00;0.00;0.00;0.00;0.00;0.00;1.00;;0.00;;0.00;0.00;0.00;;0.00;0.00;0.00;0.00;0.00;0.00;0.00;0.00;0.00;0.00;0.00;0.00;;;;;;;;0.00;;;0.00;;;0.00;;;0.00;;0.00;0.00;6.00;0.00;0.00;6.00;0.00;0.00;5.00;;;;;;;;;0.00;15.00;198.00;300.00;;
88;2_Klein_int;;315.00;Mascotte, Zürich;Mono;31.08.2022;260.00;;;;;;;;;;;;0.00;299.00;;;11915.21;;;6465.39;6.00;;;0.00;0.00;;0.00;0.00;4.00;;;0.00;;10.00;0.80;;0.00;20.00;;#WERT!;;1.00;0.00;;;0.00;10.00;0.20;;#WERT!;7.00;300.00;0.00;;0.00;0.00;0.00;0.00;0.00;0.00;0.00;1.00;;0.00;;0.00;;0.00;;0.00;600.00;0.00;0.00;;0.00;0.00;0.00;0.00;0.00;0.00;0.00;;;2.00;;;4.00;;0.00;1.00;;6.00;3.00;;0.00;0.00;;0.00;0.00;0.00;4.20;4.00;0.00;1.80;3.00;0.00;6.00;4.00;;;;;;;;;0.00;7.00;150.00;200.00;;
89;4a_Hasta_int;PSS;8156.00;Hallenstadion, Zürich;Peter Maffay ;06.09.2022;5800.00;5658.96;;;;;;;640.00;;;;0.00;7748.00;;;329672.81;;;276660.48;85.00;10.00;0.20;170.00;25.00;;0.00;0.00;;;;;154.00;10.00;0.80;1232.00;1402.00;20.00;0.80;1360.00;200.00;1.00;5000.00;;;;10.00;0.20;308.00;6668.00;;300.00;6.00;;1800.00;;;;;;;;;;;;;;;14.00;600.00;8400.00;;;;0.00;0.00;0.00;0.00;0.00;0.00;1949.28;362.00;;171.28;132.00;;30.18;0.00;;2816.27;85.00;;667.16;0.00;;1254.39;0.00;;1886.48;77.00;;2128.72;33.00;;187.59;110.00;;;;;;;;;;154.00;280.00;3874.00;;;
90;2_Klein_int;;748.00;Kaufleuten, Zürich;Aurora;06.09.2022;550.00;;;;;;;;;;;;0.00;711.00;;;28293.89;;;15352.73;12.00;;;0.00;0.00;;0.00;0.00;;;;;;10.00;0.80;;0.00;20.00;;#WERT!;;1.00;0.00;;;;10.00;0.20;;#WERT!;10.00;300.00;1.00;;300.00;0.00;0.00;0.00;0.00;0.00;0.00;0.00;;1.00;5.00;0.00;;0.00;;0.00;600.00;0.00;0.00;;0.00;0.00;0.00;0.00;0.00;0.00;0.00;;;5.00;;;8.00;;0.00;1.00;;12.00;8.00;;0.00;1.00;;0.00;1.00;0.00;8.40;5.00;0.00;3.60;5.00;0.00;12.00;8.00;;;;;;;;;0.00;8.00;356.00;300.00;;
91;2_Klein_int;;440.00;Plaza, Zürich;Role Model;07.09.2022;240.00;;;;;;;;;;;;0.00;418.00;;;16643.47;;;9031.02;6.00;;;0.00;0.00;;0.00;0.00;;;;;;10.00;0.80;;0.00;20.00;;#WERT!;;1.00;0.00;;;;10.00;0.20;;#WERT!;10.00;300.00;1.00;;300.00;0.00;0.00;0.00;0.00;0.00;0.00;0.00;;0.00;;0.00;;0.00;;0.00;600.00;0.00;;0.00;;0.00;0.00;0.00;0.00;0.00;0.00;;2.00;3.00;;1.00;2.00;;0.00;1.00;;6.00;3.00;;0.00;1.00;;0.00;0.00;;4.20;5.00;;1.80;5.00;0.00;6.00;5.00;;;;;;;;;0.00;10.00;209.00;200.00;;
92;4a_Hasta_int;PSS;7327.00;Hallenstadion, Zürich;Wincent Weiss;10.09.2022;5800.00;3688.38;;;;;;;480.00;;;;0.00;6961.00;;;296163.89;;;248539.89;34.00;10.00;0.20;68.00;9.00;;0.00;0.00;;;;;89.00;10.00;0.80;712.00;780.00;20.00;0.80;544.00;200.00;1.00;1800.00;;;;10.00;0.20;178.00;2522.00;;300.00;2.00;;600.00;;;;;;;;;;;;;;;2.00;600.00;1200.00;;;;0.00;0.00;0.00;0.00;0.00;0.00;1751.15;215.00;;153.87;69.00;;27.11;0.00;;2530.01;34.00;;599.35;0.00;;1126.89;0.00;;1694.74;30.10;;1912.35;12.90;;168.52;43.00;;;;;;;;;;89.00;90.00;3481.00;;;
93;2_Klein_int;;464.00;Kaufleuten, Zürich;Joris;11.09.2022;550.00;;;;;;;;;;;;0.00;441.00;;;17551.29;;;9523.62;12.00;;;0.00;0.00;;0.00;0.00;;;;;;10.00;0.80;;0.00;20.00;;#WERT!;;1.00;0.00;;;;10.00;0.20;;#WERT!;10.00;300.00;1.00;;300.00;0.00;0.00;0.00;0.00;0.00;0.00;0.00;;1.00;5.00;0.00;;0.00;;0.00;600.00;0.00;0.00;;0.00;0.00;0.00;0.00;0.00;0.00;0.00;;;5.00;;;8.00;;0.00;1.00;;12.00;8.00;;0.00;1.00;;0.00;0.00;0.00;8.40;5.00;0.00;3.60;5.00;0.00;12.00;8.00;;;;;;;;;0.00;8.00;221.00;300.00;;
94;2_Klein_int;;217.00;Plaza, Zürich;Aries;11.09.2022;240.00;;;;;;;;;;;;0.00;206.00;;;8208.25;;;4453.93;6.00;;;0.00;0.00;;0.00;0.00;;;;;;10.00;0.80;;0.00;20.00;;#WERT!;;1.00;0.00;;;;10.00;0.20;;#WERT!;10.00;300.00;1.00;;300.00;0.00;0.00;0.00;0.00;0.00;0.00;0.00;;0.00;;0.00;;0.00;;0.00;600.00;0.00;;0.00;;0.00;0.00;0.00;0.00;0.00;0.00;;2.00;3.00;;1.00;2.00;;0.00;1.00;;6.00;3.00;;0.00;1.00;;0.00;0.00;;4.20;5.00;;1.80;5.00;0.00;6.00;5.00;;;;;;;;;0.00;10.00;103.00;200.00;;
95;4_Gross_int;PSS;3011.00;THE HALL, Zürich;Biffy Clyro;12.09.2022;2000.00;;;;;;;;;;;;0.00;2860.00;;;109197.51;;;75936.95;30.00;10.00;0.20;60.00;3.00;;0.00;0.00;;;;;30.00;10.00;0.80;240.00;300.00;20.00;0.80;480.00;200.00;1.00;600.00;;;;10.00;0.20;60.00;1140.00;;300.00;3.00;;900.00;;;;;;;;;;;;;;;1.00;600.00;600.00;;;;0.00;0.00;0.00;0.00;0.00;0.00;;54.00;;;0.00;;;0.00;;;30.00;;;0.00;;;0.00;;;23.10;;;9.90;;;33.00;;;;;;;;;;30.00;100.00;1430.00;;;
96;2_Klein_int;PSS;874.00;KKL, Luzern;Ólafur Arnalds;12.09.2022;2100.00;;;;;;;;;;;;0.00;830.00;;;33059.98;;;17938.88;;;;;;;0.00;0.00;;;;;;10.00;0.80;;0.00;20.00;;;;1.00;;;;;10.00;0.20;;0.00;;300.00;;;;;;;;;;;;;;;;;;;600.00;;;;;0.00;0.00;0.00;0.00;0.00;0.00;;;;;;;;0.00;;;0.00;;;0.00;;;0.00;;;0.00;;;0.00;;;0.00;;;;;;;;;;0.00;;415.00;;;
97;2_Klein_int;PSS;1027.00;Volkshaus, Zürich;Calum Scott;16.09.2022;462.00;;;;;;;;;;;;0.00;976.00;;;38847.36;;;21079.21;8.00;10.00;0.80;64.00;0.00;;0.00;0.00;;;;;17.00;10.00;0.80;136.00;200.00;20.00;0.20;32.00;;1.00;0.00;;;;10.00;0.20;34.00;66.00;;300.00;;;;;;;;;;;;;;;;;;;600.00;;;;;0.00;0.00;0.00;0.00;0.00;0.00;;43.00;;;0.00;;;0.00;;;8.00;;;0.00;;;0.00;;;5.60;;;2.40;;;8.00;;;;;;;;;;17.00;30.00;488.00;;;
98;99_Festival;;;Langstrasse;RADAR;17.09.2022;;;;;;;;;;;;;0.00;;;;;;;;30.00;;;0.00;0.00;;0.00;0.00;20.00;;;0.00;;10.00;0.80;;0.00;20.00;;#WERT!;;1.00;0.00;;;0.00;10.00;0.20;;#WERT!;125.00;300.00;1.00;;300.00;4.00;0.00;0.00;0.00;60.00;0.00;20.00;;4.00;;0.00;;0.00;;0.00;600.00;0.00;0.00;;0.00;0.00;0.00;0.00;0.00;0.00;0.00;;10.00;20.00;;20.00;60.00;;0.00;40.00;;30.00;60.00;;0.00;6.00;;0.00;3.00;;21.00;0.00;0.00;9.00;125.00;0.00;30.00;80.00;;;;;;;;;0.00;60.00;#WERT!;;;
99;2_Klein_int;;464.00;Kaufleuten, Zürich;James Morrison;18.09.2022;550.00;;;;;;;;;;;;0.00;441.00;;;17551.29;;;9523.62;12.00;;;0.00;0.00;;0.00;0.00;;;;;;10.00;0.80;;0.00;20.00;;#WERT!;;1.00;0.00;;;;10.00;0.20;;#WERT!;10.00;300.00;1.00;;300.00;0.00;0.00;0.00;0.00;0.00;0.00;0.00;;1.00;5.00;0.00;;0.00;;0.00;600.00;0.00;0.00;;0.00;0.00;0.00;0.00;0.00;0.00;0.00;;;5.00;;;8.00;;0.00;1.00;;12.00;8.00;;0.00;1.00;;0.00;1.00;0.00;8.40;5.00;0.00;3.60;5.00;0.00;12.00;8.00;;;;;;;;;0.00;8.00;221.00;300.00;;
100;4a_Hasta_int;PSS;3361.00;Hallenstadion, Zürich;Paw Patrol (3 Shows);18.09.2022;5800.00;5073.82;;;;;;;2240.00;;;;0.00;3193.00;;;135854.62;;;114008.81;23.00;10.00;0.20;46.00;13.00;;0.00;0.00;;;;;8.00;10.00;0.80;64.00;110.00;20.00;0.80;368.00;200.00;1.00;2600.00;;;;10.00;0.20;16.00;2984.00;;300.00;0.00;;0.00;;;;;;;;;;;;;;;3.00;600.00;1800.00;;;;0.00;0.00;0.00;0.00;0.00;0.00;803.28;58.00;;70.58;50.00;;12.44;0.00;;1160.55;23.00;;274.93;0.00;;516.92;0.00;;777.40;25.20;;877.22;10.80;;77.30;36.00;;;;;;;;;;8.00;0.00;1597.00;;;
101;2_Klein_int;PSS;1324.00;THE HALL, Zürich;Anastacia;19.09.2022;2000.00;;;;;;;;;;;;0.00;1258.00;;;50081.70;;;27175.15;20.00;10.00;0.20;40.00;0.00;;0.00;0.00;;;;;16.00;10.00;0.80;128.00;168.00;20.00;0.80;320.00;200.00;1.00;0.00;;;;10.00;0.20;32.00;352.00;;300.00;1.00;;300.00;;;;;;;;;;;;;;;3.00;600.00;1800.00;;;;0.00;0.00;0.00;0.00;0.00;0.00;;50.00;;;20.00;;;0.00;;;20.00;;;0.00;;;0.00;;;14.00;;;6.00;;;20.00;;;;;;;;;;16.00;60.00;629.00;;;
102;2_Klein_int;;196.00;Exil, Zürich;Luna;20.09.2022;;;;;;;;;;;;;0.00;186.00;;;7413.91;;;4022.91;5.00;;;0.00;0.00;;0.00;0.00;4.00;;;0.00;;10.00;0.80;;0.00;20.00;;#WERT!;;1.00;0.00;;;0.00;10.00;0.20;;#WERT!;5.00;300.00;0.00;;0.00;0.00;0.00;0.00;0.00;0.00;0.00;1.00;;;;0.00;0.00;0.00;0.00;0.00;600.00;0.00;0.00;0.00;0.00;0.00;0.00;0.00;0.00;0.00;0.00;;;;;;;;0.00;;;5.00;;;0.00;;;0.00;;0.00;3.50;;0.00;1.50;;;5.00;5.00;;;;;;;;;0.00;10.00;93.00;200.00;;
103;2_Klein_int;;96.00;Werk21, Zürich;Deine Cousine;22.09.2022;250.00;;;;;;;;;;;;0.00;91.00;;;3631.30;;;1970.40;;;;;0.00;;0.00;0.00;;;;;;10.00;0.80;;0.00;20.00;;;;1.00;0.00;;;;10.00;0.20;;0.00;;300.00;;;;;;;;;;;;;;;;;;;600.00;;;;;0.00;0.00;0.00;0.00;0.00;0.00;;;;;;;;0.00;;;0.00;;;0.00;;;0.00;;;0.00;;;0.00;;;0.00;;;;;;;;;;0.00;;46.00;;;
104;2_Klein_int;;220.00;Exil, Zürich;Bruckner;23.09.2022;;;;;;;;;;;;;0.00;209.00;;;8321.73;;;4515.51;5.00;;;0.00;0.00;;0.00;0.00;4.00;;;0.00;;10.00;0.80;;0.00;20.00;;#WERT!;;1.00;0.00;;;0.00;10.00;0.20;;#WERT!;5.00;300.00;0.00;;0.00;0.00;0.00;0.00;0.00;0.00;0.00;1.00;;;;0.00;0.00;0.00;0.00;0.00;600.00;0.00;0.00;0.00;0.00;0.00;0.00;0.00;0.00;0.00;0.00;;;;;;;;0.00;;;5.00;;;0.00;;;0.00;;0.00;3.50;;0.00;1.50;;;5.00;5.00;;;;;;;;;0.00;10.00;105.00;200.00;;
105;4a_Hasta_int;PSS;4541.00;Hallenstadion, Zürich;David Garrett;25.09.2022;5800.00;3763.94;;;;;;;2440.00;;;;0.00;4314.00;;;183551.28;;;154035.71;38.00;10.00;0.20;76.00;12.00;;0.00;0.00;;;;;64.00;10.00;0.80;512.00;588.00;20.00;0.80;608.00;200.00;1.00;2400.00;;;;10.00;0.20;128.00;3136.00;;300.00;3.00;;900.00;;;;;;;;;;;;;;;5.00;600.00;3000.00;;;;0.00;0.00;0.00;0.00;0.00;0.00;1085.30;200.00;;95.36;71.00;;16.80;0.00;;1568.01;38.00;;371.45;0.00;;698.41;0.00;;1050.33;35.00;;1185.20;15.00;;104.44;50.00;;;;;;;;;;64.00;150.00;2157.00;;;
106;2_Klein_int;;37.00;Exil, Zürich;Kids of Adelaide;25.09.2022;;;;;;;;;;;;;0.00;35.00;;;1399.56;;;759.43;5.00;;;0.00;0.00;;0.00;0.00;4.00;;;0.00;;10.00;0.80;;0.00;20.00;;#WERT!;;1.00;0.00;;;0.00;10.00;0.20;;#WERT!;12.00;300.00;0.00;;0.00;0.00;0.00;0.00;0.00;0.00;0.00;1.00;;;;0.00;0.00;0.00;0.00;0.00;600.00;0.00;0.00;0.00;0.00;0.00;0.00;0.00;0.00;0.00;0.00;;;;;;;;0.00;;;5.00;;;0.00;;;0.00;;0.00;3.50;;0.00;1.50;;;5.00;5.00;;;;;;;;;0.00;10.00;18.00;200.00;;
107;4_Gross_int;PSS;2670.00;Halle 622, Zürich;Alvaro Soler;28.09.2022;2351.00;;;;;;;;;;;;0.00;2537.00;;;96830.74;;;67336.98;29.00;10.00;0.20;58.00;0.00;;0.00;0.00;;;;;25.00;10.00;0.80;200.00;258.00;20.00;0.80;464.00;;1.00;0.00;;;;10.00;0.20;50.00;514.00;;300.00;2.00;;600.00;;;;;;;;;;;;;;;3.00;600.00;1800.00;;;;0.00;0.00;0.00;0.00;0.00;0.00;;75.00;;;35.00;;;0.00;;;29.00;;;0.00;;;0.00;;;20.30;;;8.70;;;29.00;;;;;;;;;;25.00;105.00;1269.00;;;
108;2_Klein_int;;1870.00;X-TRA, Zürich;Paolo Nutini;29.09.2022;890.00;;;;;;;;;;;;0.00;1777.00;;;70734.73;;;38381.82;15.00;;0.30;0.00;0.00;;0.00;0.00;8.00;;;0.00;;10.00;0.80;;0.00;20.00;0.70;210.00;;1.00;0.00;;;0.00;10.00;0.20;;210.00;18.00;300.00;1.00;;300.00;0.00;0.00;0.00;0.00;0.00;0.00;0.00;;0.00;;;0.00;1.00;0.00;0.00;600.00;0.00;;;;0.00;0.00;0.00;0.00;0.00;0.00;;;5.00;;;;;0.00;;;15.00;;;0.00;;;0.00;;;10.50;9.00;0.00;4.50;9.00;0.00;15.00;9.00;;;;;;;;;0.00;20.00;889.00;800.00;;
109;2_Klein_int;;800.00;Kaufleuten, Zürich;Tom Odell;03.10.2022;550.00;;;;;;;;;;;;0.00;760.00;;;30260.85;;;16420.03;12.00;;;0.00;0.00;;0.00;0.00;;;;;;10.00;0.80;;0.00;20.00;;#WERT!;;1.00;0.00;;;;10.00;0.20;;#WERT!;10.00;300.00;1.00;;300.00;0.00;0.00;0.00;0.00;0.00;0.00;0.00;;1.00;5.00;1.00;;0.00;;0.00;600.00;0.00;0.00;;0.00;0.00;0.00;0.00;0.00;0.00;0.00;;;5.00;;;8.00;;0.00;1.00;;12.00;8.00;;0.00;1.00;;0.00;0.00;0.00;8.40;5.00;0.00;3.60;5.00;0.00;12.00;8.00;;;;;;;;;0.00;8.00;380.00;300.00;;
110;2_Klein_int;;1804.00;X-TRA, Zürich;Provinz;04.10.2022;890.00;;;;;;;;;;;;0.00;1714.00;;;68238.21;;;37027.17;15.00;;0.30;0.00;0.00;;0.00;0.00;8.00;;;0.00;;10.00;0.80;;0.00;20.00;0.70;210.00;;1.00;0.00;;;0.00;10.00;0.20;;210.00;18.00;300.00;1.00;;300.00;0.00;0.00;0.00;0.00;0.00;0.00;0.00;;0.00;;;0.00;1.00;0.00;0.00;600.00;0.00;;;;0.00;0.00;0.00;0.00;0.00;0.00;;;5.00;;;;;0.00;;;15.00;;;0.00;;;0.00;;;10.50;9.00;0.00;4.50;9.00;0.00;15.00;9.00;;;;;;;;;0.00;20.00;857.00;800.00;;
111;2_Klein_int;PSS;1768.00;Volkshaus, Zürich;Clueso;05.10.2022;462.00;;;;;;;;;;;;0.00;1680.00;;;66876.47;;;36288.27;11.50;10.00;0.80;92.00;0.00;;0.00;0.00;;;;;19.00;10.00;0.80;152.00;244.00;20.00;0.20;46.00;;1.00;0.00;;;;10.00;0.20;38.00;84.00;;300.00;3.00;;900.00;;;;;;;;;;;;;;;1.00;600.00;600.00;;;;0.00;0.00;0.00;0.00;0.00;0.00;;20.00;;;27.00;;;0.00;;;11.50;;;0.00;;;0.00;;;8.05;;;3.45;;;11.50;;;;;;;;;;19.00;95.00;840.00;;;
112;2_Klein_int;;303.00;Exil, Zürich;Parra For Cuva;05.10.2022;;;;;;;;;;;;;0.00;288.00;;;11461.30;;;6219.09;5.00;;;0.00;0.00;;0.00;0.00;4.00;;;0.00;;10.00;0.80;;0.00;20.00;;#WERT!;;1.00;0.00;;;0.00;10.00;0.20;;#WERT!;3.00;300.00;0.00;;0.00;1.00;0.00;0.00;0.00;0.00;0.00;0.00;;;;0.00;0.00;0.00;0.00;0.00;600.00;0.00;0.00;0.00;0.00;0.00;0.00;0.00;0.00;0.00;0.00;;;;;;;;0.00;;;5.00;;;0.00;;;0.00;;0.00;3.50;;0.00;1.50;;;5.00;5.00;;;;;;;;;0.00;10.00;144.00;200.00;;
113;4_Gross_int;PSS;1984.00;Halle 622, Zürich;Sigur Ros;07.10.2022;2351.00;;;;;;;;;;;;0.00;1885.00;;;75046.90;;;40721.67;34.00;10.00;0.20;68.00;0.00;;0.00;0.00;;;;;20.00;10.00;0.80;160.00;228.00;20.00;0.80;544.00;200.00;1.00;0.00;;;;10.00;0.20;40.00;584.00;;300.00;2.00;;600.00;;;;;;;;;;;;;;;3.00;600.00;1800.00;;;;0.00;0.00;0.00;0.00;0.00;0.00;;87.00;;;30.00;;;0.00;;;34.00;;;0.00;;;0.00;;;23.80;;;10.20;;;34.00;;;;;;;;;;20.00;112.00;943.00;;;
114;2_Klein_int;PSS;1998.00;THE HALL, Zürich;Parov Stelar ;08.10.2022;2000.00;;;;;;;;;;;;0.00;1898.00;;;75576.47;;;41009.02;20.00;10.00;0.20;40.00;0.00;;0.00;0.00;;;;;;10.00;0.80;;40.00;20.00;0.80;320.00;200.00;1.00;0.00;;;;10.00;0.20;;320.00;;300.00;;;;;;;;;;;;;;;;;;;600.00;;;;;0.00;0.00;0.00;0.00;0.00;0.00;;45.00;;;0.00;;;0.00;;;20.00;;;0.00;;;0.00;;;14.00;;;6.00;;;20.00;;;;;;;;;;0.00;80.00;949.00;;;
115;4_Gross_int;PSS;2136.00;Halle 622, Zürich;Milky Chance;08.10.2022;2351.00;;;;;;;;;;;;0.00;2029.00;;;77464.59;;;53869.58;14.00;10.00;0.20;28.00;0.00;;0.00;0.00;;;;;;10.00;0.80;;28.00;20.00;0.80;224.00;200.00;1.00;0.00;;;;10.00;0.20;;224.00;;300.00;;;;;;;;;;;;;;;;;;;600.00;;;;;0.00;0.00;0.00;0.00;0.00;0.00;;35.00;;;12.00;;;0.00;;;14.00;;;0.00;;;0.00;;;9.80;;;4.20;;;14.00;;;;;;;;;;0.00;32.00;1015.00;;;
116;1_Klein_nat;;;Pentorama, Amriswil;Hecht;08.10.2022;;;;;;;;;;;;;0.00;;;;;;;;;;;;0.00;;0.00;0.00;;;;;;10.00;0.80;;0.00;20.00;;;;1.00;0.00;;;;10.00;0.20;;0.00;;300.00;;;;;;;;;;;;;;;;;;;600.00;;;;;0.00;0.00;0.00;0.00;0.00;0.00;;;;;;;;0.00;;;0.00;;;0.00;;;0.00;;;0.00;;;0.00;;;0.00;;;;;;;;;;0.00;;#WERT!;;;
117;2_Klein_int;PSS;1480.00;Volkshaus, Zürich;Parcels;10.10.2022;462.00;;;;;;;;;;;;0.00;1406.00;;;55982.57;;;30377.06;12.00;10.00;0.80;96.00;1.00;;0.00;0.00;;;;;20.00;10.00;0.80;160.00;256.00;20.00;0.20;48.00;;1.00;0.00;;;;10.00;0.20;40.00;88.00;;300.00;;;;;;;;;;;;;;;;;;1.00;600.00;600.00;;;;0.00;0.00;0.00;0.00;0.00;0.00;;57.00;;;39.00;;;0.00;;;12.00;;;0.00;;;0.00;;;9.10;;;3.90;;;13.00;;;;;;;;;;20.00;40.00;703.00;;;
118;2_Klein_int;;352.00;Papiersaal, Zürich;Wilhelmine;11.10.2022;430.00;;;;;;;;;;;;0.00;334.00;;;13314.77;;;7224.81;;;;;0.00;;0.00;0.00;;;;;;10.00;0.80;;0.00;20.00;;;;1.00;0.00;;;;10.00;0.20;;0.00;;300.00;;;;;;;;;;;;;;;;;;;600.00;;;;;0.00;0.00;0.00;0.00;0.00;0.00;;;;;;;;0.00;;;0.00;;;0.00;;;0.00;;;0.00;;;0.00;;;0.00;;;;;;;;;;0.00;;167.00;;;
119;2_Klein_int;;300.00;Exil, Zürich;Jules Ahoi;13.10.2022;;;;;;;;;;;;;0.00;285.00;;;11347.82;;;6157.51;5.00;;;0.00;0.00;;0.00;0.00;4.00;;;0.00;;10.00;0.80;;0.00;20.00;;#WERT!;;1.00;0.00;;;0.00;10.00;0.20;;#WERT!;5.00;300.00;0.00;;0.00;0.00;0.00;0.00;0.00;0.00;0.00;1.00;;;;0.00;0.00;0.00;0.00;0.00;600.00;0.00;0.00;0.00;0.00;0.00;0.00;0.00;0.00;0.00;0.00;;;;;;;;0.00;;;5.00;;;0.00;;;0.00;;0.00;3.50;;0.00;1.50;;;5.00;5.00;;;;;;;;;0.00;10.00;143.00;200.00;;
120;4_Gross_int;PSS;2789.00;Halle 622, Zürich;Alan Walker;14.10.2022;2351.00;;;;;;;;;;;;0.00;2650.00;;;101146.41;;;70338.14;15.00;;;0.00;0.00;;0.00;0.00;;;;;23.00;10.00;0.80;184.00;184.00;20.00;;#WERT!;200.00;1.00;0.00;;;;10.00;0.20;46.00;#WERT!;;300.00;1.00;;300.00;;;;;;;;;;;;;;;1.00;600.00;600.00;;;;0.00;0.00;0.00;0.00;0.00;0.00;;45.00;;;20.00;;;0.00;;;15.00;;;0.00;;;0.00;;;10.50;;;4.50;;;15.00;;;;;;;;;;23.00;40.00;1325.00;;;
121;4a_Hasta_int;PSS;11101.00;Hallenstadion, Zürich;Eric Clapton;14.10.2022;5800.00;4134.74;;;;;;;1810.00;;;;0.00;10546.00;;;448712.34;;;376558.12;84.00;10.00;0.20;168.00;17.50;;0.00;0.00;;;;;100.00;10.00;0.80;800.00;968.00;20.00;0.80;1344.00;200.00;1.00;3500.00;;;;10.00;0.20;200.00;5044.00;;300.00;0.00;;0.00;;;;;;;;;;;;;;;8.00;600.00;4800.00;;;;0.00;0.00;0.00;0.00;0.00;0.00;2653.14;298.00;;233.12;150.00;;41.07;0.00;;3833.18;84.00;;908.06;0.00;;1707.33;0.00;;2567.66;71.05;;2897.36;30.45;;255.32;101.50;;;;;;;;;;100.00;160.00;5273.00;;;
122;4a_Hasta_int;PSS;6079.00;Hallenstadion, Zürich;Deep Purple;15.10.2022;5800.00;3591.09;;;;;;;1160.00;;;;0.00;5775.00;;;245718.61;;;206206.36;41.00;10.00;0.20;82.00;9.00;;0.00;0.00;;;;;69.00;10.00;0.80;552.00;634.00;20.00;0.80;656.00;200.00;1.00;1800.00;;;;10.00;0.20;138.00;2594.00;;300.00;3.00;;900.00;;;;;;;;;;;;;;;4.00;600.00;2400.00;;;;0.00;0.00;0.00;0.00;0.00;0.00;1452.88;223.00;;127.66;80.00;;22.49;0.00;;2099.08;41.00;;497.26;0.00;;934.95;0.00;;1406.07;35.00;;1586.62;15.00;;139.82;50.00;;;;;;;;;;69.00;128.00;2888.00;;;
123;2_Klein_int;;995.00;X-TRA, Zürich;AJR;16.10.2022;890.00;;;;;;;;;;;;0.00;945.00;;;37636.93;;;20422.41;15.00;;0.30;0.00;0.00;;0.00;0.00;8.00;;;0.00;;10.00;0.80;;0.00;20.00;0.70;210.00;;1.00;0.00;;;0.00;10.00;0.20;;210.00;18.00;300.00;1.00;;300.00;0.00;0.00;0.00;0.00;0.00;0.00;0.00;;0.00;;;0.00;1.00;0.00;0.00;600.00;0.00;;;;0.00;0.00;0.00;0.00;0.00;0.00;;;5.00;;;;;0.00;;;15.00;;;0.00;;;0.00;;;10.50;9.00;0.00;4.50;9.00;0.00;15.00;9.00;;;;;;;;;0.00;20.00;473.00;800.00;;
124;1_Klein_nat;;300.00;Exil, Zürich;Kaffkiez ;16.10.2022;;;;;;;;;;;;;0.00;285.00;;;8185.61;;;3399.44;5.00;;;0.00;0.00;;0.00;0.00;4.00;;;0.00;;10.00;0.80;;0.00;20.00;;#WERT!;;1.00;0.00;;;0.00;10.00;0.20;;#WERT!;5.00;300.00;0.00;;0.00;0.00;0.00;0.00;0.00;0.00;0.00;1.00;;;;0.00;0.00;0.00;0.00;0.00;600.00;0.00;0.00;0.00;0.00;0.00;0.00;0.00;0.00;0.00;0.00;;;;;;;;0.00;;;5.00;;;0.00;;;0.00;;0.00;3.50;;0.00;1.50;;;5.00;5.00;;;;;;;;;0.00;10.00;143.00;200.00;;
125;2_Klein_int;;160.00;Dynamo, Zürich;Cordae;19.10.2022;442.00;;;;;;;;;;;;0.00;152.00;;;6052.17;;;3284.01;;;1.00;;0.00;;0.00;0.00;4.00;;0.10;0.00;;10.00;0.80;;0.00;20.00;0.00;;;1.00;0.00;;0.00;0.00;10.00;0.20;;0.00;6.00;300.00;0.00;0.00;0.00;0.00;0.00;0.00;0.00;0.00;0.00;1.00;;0.00;;0.00;0.00;0.00;;0.00;0.00;0.00;0.00;0.00;0.00;0.00;0.00;0.00;0.00;0.00;0.00;;;;;;;;0.00;;;0.00;;;0.00;;;0.00;;0.00;0.00;6.00;0.00;0.00;6.00;0.00;0.00;5.00;;;;;;;;;0.00;15.00;76.00;300.00;;
126;2_Klein_int;PSS;1072.00;Volkshaus, Zürich;Editors ;19.10.2022;462.00;;;;;;;;;;;;0.00;1018.00;;;40549.54;;;22002.84;15.00;10.00;0.80;120.00;0.00;;0.00;0.00;;;;;14.00;10.00;0.80;112.00;232.00;20.00;0.20;60.00;;1.00;0.00;;;;10.00;0.20;28.00;88.00;;300.00;2.00;;600.00;;;;;;;;;;;;;;;1.00;600.00;600.00;;;;0.00;0.00;0.00;0.00;0.00;0.00;;60.00;;;20.00;;;0.00;;;15.00;;;0.00;;;0.00;;;10.50;;;4.50;;;15.00;;;;;;;;;;14.00;;509.00;;;
127;4a_Hasta_int;PSS;2791.00;Hallenstadion, Zürich;Harlem Globetrotters;20.10.2022;5800.00;3084.46;;;;;;;1000.00;;;;0.00;2651.00;;;112814.71;;;94673.79;20.00;10.00;0.20;40.00;0.00;;0.00;0.00;;;;;67.00;10.00;0.80;536.00;576.00;20.00;0.80;320.00;200.00;1.00;0.00;;;;10.00;0.20;134.00;454.00;;300.00;2.00;;600.00;;;;;;;;;;;;;;;3.00;600.00;1800.00;;;;0.00;0.00;0.00;0.00;0.00;0.00;667.05;87.00;;58.61;36.00;;10.33;0.00;;963.73;20.00;;228.30;0.00;;429.26;0.00;;645.56;14.00;;728.45;6.00;;64.19;20.00;;;;;;;;;;67.00;100.00;1326.00;;;
128;1_Klein_nat;;;Z7, Pratteln;Hecht;21.10.2022;;;;;;;;;;;;;0.00;;;;;;;;;;;;0.00;;0.00;0.00;;;;;;10.00;0.80;;0.00;20.00;;;;1.00;0.00;;;;10.00;0.20;;0.00;;300.00;;;;;;;;;;;;;;;;;;;600.00;;;;;0.00;0.00;0.00;0.00;0.00;0.00;;;;;;;;0.00;;;0.00;;;0.00;;;0.00;;;0.00;;;0.00;;;0.00;;;;;;;;;;0.00;;#WERT!;;;
129;2_Klein_int;PSS;1953.00;THE HALL, Zürich;Chris de Burgh;22.10.2022;2000.00;;;;;;;;;;;;0.00;1855.00;;;73874.29;;;40085.40;16.00;10.00;0.20;32.00;0.00;;0.00;0.00;;;;;19.00;10.00;0.80;152.00;184.00;20.00;0.80;256.00;200.00;1.00;0.00;;;;10.00;0.20;38.00;294.00;;300.00;1.00;;300.00;;;;;;;;;;;;;;;1.00;600.00;600.00;;;;0.00;0.00;0.00;0.00;0.00;0.00;;192.00;;;100.00;;;0.00;;;16.00;;;0.00;;;0.00;;;11.20;;;4.80;;;16.00;;;;;;;;;;19.00;35.00;928.00;;;
130;3_Gross_nat;;;Stadthalle, Sursee;Hecht;22.10.2022;;;;;;;;;;;;;0.00;;;;;;;;;;;;0.00;;0.00;0.00;;;;;;10.00;0.80;;0.00;20.00;;;;1.00;0.00;;;;10.00;0.20;;0.00;;300.00;;;;;;;;;;;;;;;;;;;600.00;;;;;0.00;0.00;0.00;0.00;0.00;0.00;;;;;;;;0.00;;;0.00;;;0.00;;;0.00;;;0.00;;;0.00;;;0.00;;;;;;;;;;0.00;;#WERT!;;;
131;1_Klein_nat;;;Markthalle, Burgdorf;Hecht;28.10.2022;;;;;;;;;;;;;0.00;;;;;;;;;;;;0.00;;0.00;0.00;;;;;;10.00;0.80;;0.00;20.00;;;;1.00;0.00;;;;10.00;0.20;;0.00;;300.00;;;;;;;;;;;;;;;;;;;600.00;;;;;0.00;0.00;0.00;0.00;0.00;0.00;;;;;;;;0.00;;;0.00;;;0.00;;;0.00;;;0.00;;;0.00;;;0.00;;;;;;;;;;0.00;;#WERT!;;;
132;4_Gross_int;PSS;4744.00;THE HALL, Zürich;Placebo;29.10.2022;2000.00;;;;;;;;;;;;0.00;4507.00;;;172046.82;;;119642.93;51.00;10.00;0.20;102.00;12.00;;0.00;0.00;;;;;;10.00;0.80;;102.00;20.00;0.80;816.00;200.00;1.00;2400.00;;;;10.00;0.20;;3216.00;;300.00;3.00;;900.00;;;;;;;;;;;;;;;4.00;600.00;2400.00;;;;0.00;0.00;0.00;0.00;0.00;0.00;;282.00;;;90.00;;;0.00;;;51.00;;;0.00;;;0.00;;;44.10;;;18.90;;;63.00;;;;;;;;;;0.00;150.00;2254.00;;;
133;4_Gross_int;PSS;2244.00;Halle 622, Zürich;Rise Against;03.11.2022;2351.00;;;;;;;;;;;;0.00;2132.00;;;81381.34;;;56593.33;19.50;10.00;0.20;39.00;2.00;;0.00;0.00;;;;;6.00;10.00;0.80;48.00;87.00;20.00;0.80;312.00;200.00;1.00;400.00;;;;10.00;0.20;12.00;724.00;;300.00;;;;;;;;;;;;;;;;;;1.00;600.00;600.00;;;;0.00;0.00;0.00;0.00;0.00;0.00;;24.00;;;15.00;;;0.00;;;19.50;;;0.00;;;0.00;;;15.05;;;6.45;;;21.50;;;;;;;;;;6.00;94.00;1066.00;;;
134;3a_Hasta_nat;PSS;13616.00;Hallenstadion, Zürich;Hecht;04.11.2022;5800.00;12526.44;;;;;;;7910.00;;;;0.00;12935.00;;;442291.71;;;255484.37;;10.00;0.20;;;;0.00;0.00;;;;;;10.00;0.80;;0.00;20.00;0.80;;200.00;1.00;;;;;10.00;0.20;;0.00;;300.00;;;;;;;;;;;;;;;;;;;600.00;;;;;0.00;0.00;0.00;0.00;0.00;0.00;3254.22;;;285.94;;;50.38;0.00;;4701.60;0.00;;1113.79;0.00;;2094.14;0.00;;3149.38;0.00;;3553.78;0.00;;313.17;0.00;;;;;;;;;;0.00;;6468.00;;;
135;2_Klein_int;;1803.00;X-TRA, Zürich;James Bay;07.11.2022;890.00;;;;;;;;;;;;0.00;1713.00;;;68200.38;;;37006.64;15.00;;0.30;0.00;0.00;;0.00;0.00;8.00;;;0.00;;10.00;0.80;;0.00;20.00;0.70;210.00;;1.00;0.00;;;0.00;10.00;0.20;;210.00;18.00;300.00;1.00;;300.00;0.00;0.00;0.00;0.00;0.00;0.00;0.00;;0.00;;;0.00;1.00;0.00;0.00;600.00;0.00;;;;0.00;0.00;0.00;0.00;0.00;0.00;;;5.00;;;;;0.00;;;15.00;;;0.00;;;0.00;;;10.50;9.00;0.00;4.50;9.00;0.00;15.00;9.00;;;;;;;;;0.00;20.00;857.00;800.00;;
136;2_Klein_int;;650.00;Dynamo, Zürich;Only The Poets;08.11.2022;442.00;;;;;;;;;;;;0.00;618.00;;;24586.94;;;13341.27;;;1.00;;0.00;;0.00;0.00;4.00;;0.10;0.00;;10.00;0.80;;0.00;20.00;0.00;;;1.00;0.00;;0.00;0.00;10.00;0.20;;0.00;6.00;300.00;1.00;0.00;300.00;0.00;0.00;0.00;0.00;0.00;0.00;0.00;;0.00;;0.00;0.00;0.00;;0.00;0.00;0.00;0.00;0.00;0.00;0.00;0.00;0.00;0.00;0.00;0.00;;;;;;;;0.00;;;0.00;;;0.00;;;0.00;;0.00;0.00;6.00;0.00;0.00;6.00;0.00;0.00;5.00;;;;;;;;;0.00;15.00;309.00;300.00;;
137;2_Klein_int;;490.00;Dynamo, Zürich;Steve 'n' Seagulls;11.11.2022;442.00;;;;;;;;;;;;0.00;466.00;;;18534.77;;;10057.27;;;1.00;;0.00;;0.00;0.00;4.00;;0.10;0.00;;10.00;0.80;;0.00;20.00;0.00;;;1.00;0.00;;0.00;0.00;10.00;0.20;;0.00;6.00;300.00;1.00;0.00;300.00;0.00;0.00;0.00;0.00;0.00;0.00;0.00;;0.00;;0.00;0.00;0.00;;0.00;0.00;0.00;0.00;0.00;0.00;0.00;0.00;0.00;0.00;0.00;0.00;;;;;;;;0.00;;;0.00;;;0.00;;;0.00;;0.00;0.00;6.00;0.00;0.00;6.00;0.00;0.00;5.00;;;;;;;;;0.00;15.00;233.00;300.00;;
138;2_Klein_int;;254.00;Exil, Zürich;Kakkmaddafakka;13.11.2022;;;;;;;;;;;;;0.00;241.00;;;9607.82;;;5213.36;5.00;;;0.00;0.00;;0.00;0.00;4.00;;;0.00;;10.00;0.80;;0.00;20.00;;#WERT!;;1.00;0.00;;;0.00;10.00;0.20;;#WERT!;12.00;300.00;0.00;;0.00;0.00;0.00;0.00;0.00;0.00;0.00;1.00;;;;0.00;0.00;0.00;0.00;0.00;600.00;0.00;0.00;0.00;0.00;0.00;0.00;0.00;0.00;0.00;0.00;;;;;;;;0.00;;;5.00;;;0.00;;;0.00;;0.00;3.50;;0.00;1.50;;;5.00;5.00;;;;;;;;;0.00;10.00;121.00;200.00;;
139;2_Klein_int;;118.00;Papiersaal, Zürich;Upsahl;14.11.2022;430.00;;;;;;;;;;;;0.00;112.00;;;4463.47;;;2421.95;;;;;0.00;;0.00;0.00;;;;;;10.00;0.80;;0.00;20.00;;;;1.00;0.00;;;;10.00;0.20;;0.00;;300.00;;;;;;;;;;;;;;;;;;;600.00;;;;;0.00;0.00;0.00;0.00;0.00;0.00;;;;;;;;0.00;;;0.00;;;0.00;;;0.00;;;0.00;;;0.00;;;0.00;;;;;;;;;;0.00;;56.00;;;
140;2_Klein_int;;427.00;Plaza, Zürich;JP Cooper;19.11.2022;240.00;;;;;;;;;;;;0.00;406.00;;;16151.73;;;8764.19;6.00;;;0.00;0.00;;0.00;0.00;;;;;;10.00;0.80;;0.00;20.00;;#WERT!;;1.00;0.00;;;;10.00;0.20;;#WERT!;10.00;300.00;1.00;;300.00;0.00;0.00;0.00;0.00;0.00;0.00;0.00;;0.00;;0.00;;0.00;;0.00;600.00;0.00;;0.00;;0.00;0.00;0.00;0.00;0.00;0.00;;2.00;3.00;;1.00;2.00;;0.00;1.00;;6.00;3.00;;0.00;1.00;;0.00;0.00;;4.20;5.00;;1.80;5.00;0.00;6.00;5.00;;;;;;;;;0.00;10.00;203.00;200.00;;
141;4_Gross_int;PSS;9335.00;St. Jakobshalle, Basel;The Cure;19.11.2022;;;;;;;;;;;;;0.00;8868.00;;;338544.92;;;235427.23;82.00;10.00;0.20;164.00;11.00;;0.00;0.00;;;;;32.00;10.00;0.80;256.00;420.00;20.00;0.80;1312.00;;1.00;0.00;;;;10.00;0.20;64.00;1376.00;;300.00;5.00;;1500.00;;;;;;;;;;;;;;;9.00;600.00;5400.00;;;;0.00;0.00;0.00;0.00;0.00;0.00;;296.00;;;150.00;;;0.00;;;82.00;;;0.00;;;0.00;;;65.10;;;27.90;;;93.00;;;;;;;;;;32.00;240.00;4434.00;;;
142;2_Klein_int;PSS;1875.00;THE HALL, Zürich;Trixie & Katya;21.11.2022;2000.00;;;;;;;;;;;;0.00;1781.00;;;70923.86;;;38484.44;17.00;10.00;0.20;34.00;7.00;;0.00;0.00;;;;;;10.00;0.80;;34.00;20.00;0.80;272.00;200.00;1.00;1400.00;;;;10.00;0.20;;1672.00;;300.00;3.00;;900.00;;;;;;;;;;;;;;;3.00;600.00;1800.00;;;;0.00;0.00;0.00;0.00;0.00;0.00;;180.00;;;78.00;;;0.00;;;17.00;;;0.00;;;0.00;;;16.80;;;7.20;;;24.00;;;;;;;;;;0.00;100.00;891.00;;;
143;2_Klein_int;;131.00;Mascotte, Zürich;Alexander 23;26.11.2022;260.00;;;;;;;;;;;;0.00;124.00;;;4955.21;;;2688.78;6.00;;;0.00;0.00;;0.00;0.00;4.00;;;0.00;;10.00;0.80;;0.00;20.00;;#WERT!;;1.00;0.00;;;0.00;10.00;0.20;;#WERT!;7.00;300.00;0.00;;0.00;0.00;0.00;0.00;0.00;0.00;0.00;1.00;;0.00;;0.00;;0.00;;0.00;600.00;0.00;0.00;;0.00;0.00;0.00;0.00;0.00;0.00;0.00;;;2.00;;;4.00;;0.00;1.00;;6.00;3.00;;0.00;0.00;;0.00;0.00;0.00;4.20;4.00;0.00;1.80;3.00;0.00;6.00;4.00;;;;;;;;;0.00;7.00;62.00;200.00;;
144;2_Klein_int;;180.00;Exil, Zürich;Il Civetto;27.11.2022;;;;;;;;;;;;;0.00;171.00;;;6808.69;;;3694.51;5.00;;;0.00;0.00;;0.00;0.00;4.00;;;0.00;;10.00;0.80;;0.00;20.00;;#WERT!;;1.00;0.00;;;0.00;10.00;0.20;;#WERT!;7.00;300.00;0.00;;0.00;0.00;0.00;0.00;4.00;0.00;0.00;1.00;;;;0.00;0.00;0.00;0.00;0.00;600.00;0.00;0.00;0.00;0.00;0.00;0.00;0.00;0.00;0.00;0.00;;;;;;;;0.00;;;5.00;;;0.00;;;0.00;;0.00;3.50;;0.00;1.50;;;5.00;5.00;;;;;;;;;0.00;10.00;86.00;200.00;;
145;4_Gross_int;PSS;2390.00;Halle 622, Zürich;Bastille;27.11.2022;2351.00;;;;;;;;;;;;0.00;2271.00;;;86676.20;;;60275.42;33.00;10.00;0.20;66.00;2.00;;0.00;0.00;;;;;21.00;10.00;0.80;168.00;234.00;20.00;0.80;528.00;100.00;1.00;200.00;;;;10.00;0.20;42.00;770.00;;300.00;3.00;;900.00;;;;;;;;;;;;;;;3.00;600.00;1800.00;;;;0.00;0.00;0.00;0.00;0.00;0.00;;21.00;;;21.00;;;0.00;;;33.00;;;0.00;;;0.00;;;24.50;;;10.50;;;35.00;;;;;;;;;;21.00;;1136.00;;;
146;2_Klein_int;;688.00;Kaufleuten, Zürich;Bomba Estereo;29.11.2022;550.00;;;;;;;;;;;;0.00;654.00;;;26024.33;;;14121.23;12.00;;;0.00;0.00;;0.00;0.00;;;;;;10.00;0.80;;0.00;20.00;;#WERT!;;1.00;0.00;;;;10.00;0.20;;#WERT!;10.00;300.00;1.00;;300.00;0.00;0.00;0.00;0.00;0.00;0.00;0.00;;1.00;5.00;1.00;;0.00;;0.00;600.00;0.00;0.00;;0.00;0.00;0.00;0.00;0.00;0.00;0.00;;;5.00;;;8.00;;0.00;1.00;;12.00;8.00;;0.00;1.00;;0.00;1.00;0.00;8.40;5.00;0.00;3.60;5.00;0.00;12.00;8.00;;;;;;;;;0.00;8.00;327.00;300.00;;
147;2_Klein_int;;132.00;Exil, Zürich;Sophie and the Giants ;30.11.2022;;;;;;;;;;;;;0.00;125.00;;;4993.04;;;2709.30;5.00;;;0.00;0.00;;0.00;0.00;4.00;;;0.00;;10.00;0.80;;0.00;20.00;;#WERT!;;1.00;0.00;;;0.00;10.00;0.20;;#WERT!;8.00;300.00;0.00;;0.00;0.00;0.00;0.00;0.00;0.00;0.00;1.00;;;;0.00;0.00;0.00;0.00;0.00;600.00;0.00;0.00;0.00;0.00;0.00;0.00;0.00;0.00;0.00;0.00;;;;;;;;0.00;;;5.00;;;0.00;;;0.00;;0.00;3.50;;0.00;1.50;;;5.00;5.00;;;;;;;;;0.00;10.00;63.00;200.00;;
148;4a_Hasta_int;PSS;4619.00;Hallenstadion, Zürich;Gianna Nannini;01.12.2022;5800.00;3393.89;;;;;;;8920.00;;;;0.00;4388.00;;;186704.11;;;156681.56;33.00;10.00;0.20;66.00;7.00;;0.00;0.00;;;;;44.00;10.00;0.80;352.00;418.00;20.00;0.80;528.00;200.00;1.00;1400.00;;;;10.00;0.20;88.00;2016.00;;300.00;0.00;;0.00;;;;;;;9.00;;;;;;;;2.00;600.00;1200.00;;;;0.00;0.00;0.00;0.00;0.00;0.00;1103.94;190.00;;97.00;62.00;;17.09;0.00;;1594.94;33.00;;377.83;0.00;;710.40;0.00;;1068.37;28.00;;1205.56;12.00;;106.24;40.00;;;;;;;;;;44.00;;2194.00;;;
149;1_Klein_nat;;1011.00;Volkshaus, Basel;Lo & Leduc;03.12.2022;605.00;;;;;;;;;;;;0.00;960.00;;;27585.51;;;11456.11;;;;;0.00;;0.00;0.00;;;;;;10.00;0.80;;0.00;20.00;;;;1.00;0.00;;;;10.00;0.20;;0.00;;300.00;;;;;;;;;;;;;;;;;;;600.00;;;;;0.00;0.00;0.00;0.00;0.00;0.00;;;;;;;;0.00;;;0.00;;;0.00;;;0.00;;;0.00;;;0.00;;;0.00;;;;;;;;;;0.00;;480.00;;;
150;2_Klein_int;;200.00;Werk21, Zürich;Liedfett;03.12.2022;250.00;;;;;;;;;;;;0.00;190.00;;;7565.21;;;4105.01;;;;;0.00;;0.00;0.00;;;;;;10.00;0.80;;0.00;20.00;;;;1.00;0.00;;;;10.00;0.20;;0.00;;300.00;;;;;;;;;;;;;;;;;;;600.00;;;;;0.00;0.00;0.00;0.00;0.00;0.00;;;;;;;;0.00;;;0.00;;;0.00;;;0.00;;;0.00;;;0.00;;;0.00;;;;;;;;;;0.00;;95.00;;;
151;2_Klein_int;PSS;867.00;KKL, Luzern;Konstantin Wecker;05.12.2022;2100.00;;;;;;;;;;;;0.00;824.00;;;32795.19;;;17795.21;11.00;;;0.00;0.00;;0.00;0.00;;;;;1.00;10.00;0.80;8.00;8.00;20.00;;#WERT!;;1.00;0.00;;;;10.00;0.20;2.00;#WERT!;;300.00;0.00;;0.00;;;;;;;;;;;;;;;1.00;600.00;600.00;;;;0.00;0.00;0.00;0.00;0.00;0.00;;27.00;;;27.00;;;0.00;;;11.00;;;0.00;;;0.00;;;7.70;;;3.30;;;11.00;;;;;;;;;;1.00;14.00;412.00;;;
152;2_Klein_int;;300.00;Exil, Zürich;LOTTE;08.12.2022;;;;;;;;;;;;;0.00;285.00;;;11347.82;;;6157.51;5.00;;;0.00;0.00;;0.00;0.00;4.00;;;0.00;;10.00;0.80;;0.00;20.00;;#WERT!;;1.00;0.00;;;0.00;10.00;0.20;;#WERT!;6.00;300.00;0.00;;0.00;0.00;0.00;0.00;0.00;0.00;0.00;1.00;;;;0.00;0.00;0.00;0.00;0.00;600.00;0.00;0.00;0.00;0.00;0.00;0.00;0.00;0.00;0.00;0.00;;;;;;;;0.00;;;5.00;;;0.00;;;0.00;;0.00;3.50;;0.00;1.50;;;5.00;5.00;;;;;;;;;0.00;10.00;143.00;200.00;;
153;4a_Hasta_int;PSS;2298.00;Hallenstadion, Zürich;Ennio Morricone ;08.12.2022;5800.00;3695.27;;;;;;;12330.00;;;;0.00;2183.00;;;92887.21;;;77950.69;38.00;10.00;0.20;76.00;9.00;;0.00;0.00;;;;;41.00;10.00;0.80;328.00;404.00;20.00;0.80;608.00;200.00;1.00;1800.00;;;;10.00;0.20;82.00;2490.00;;300.00;3.00;;900.00;;;;;;;;;;;;;;;3.00;600.00;1800.00;;;;0.00;0.00;0.00;0.00;0.00;0.00;549.22;173.00;;48.26;72.00;;8.50;0.00;;793.50;38.00;;187.98;0.00;;353.43;0.00;;531.53;32.90;;599.78;14.10;;52.85;47.00;;;;;;;;;;41.00;;1092.00;;;
154;2_Klein_int;;873.00;X-TRA, Zürich;Viagra Boys ;14.12.2022;890.00;;;;;;;;;;;;0.00;829.00;;;33022.15;;;17918.36;15.00;;0.30;0.00;0.00;;0.00;0.00;8.00;;;0.00;;10.00;0.80;;0.00;20.00;0.70;210.00;;1.00;0.00;;;0.00;10.00;0.20;;210.00;18.00;300.00;1.00;;300.00;0.00;0.00;0.00;0.00;0.00;0.00;0.00;;0.00;;;0.00;1.00;0.00;0.00;600.00;0.00;;;;0.00;0.00;0.00;0.00;0.00;0.00;;;5.00;;;;;0.00;;;15.00;;;0.00;;;0.00;;;10.50;9.00;0.00;4.50;9.00;0.00;15.00;9.00;;;;;;;;;0.00;20.00;415.00;800.00;;
155;4_Gross_int;PSS;2132.00;THE HALL, Zürich;The Dire Straits Experience;14.12.2022;2000.00;;;;;;;;;;;;0.00;2025.00;;;77319.52;;;53768.70;8.00;10.00;0.20;16.00;0.00;;0.00;0.00;;;;;25.00;10.00;0.80;200.00;216.00;20.00;0.80;128.00;0.00;1.00;0.00;;;;10.00;0.20;50.00;178.00;;300.00;;;;;;;;;;;;;;;;;;1.00;600.00;600.00;;;;0.00;0.00;0.00;0.00;0.00;0.00;;10.00;;;10.00;;;0.00;;;8.00;;;0.00;;;0.00;;;5.60;;;2.40;;;8.00;;;;;;;;;;25.00;;1013.00;;;
156;4_Gross_int;PSS;5527.00;THE HALL, Zürich;Marteria;15.12.2022;2000.00;;;;;;;;;;;;0.00;5251.00;;;200443.25;;;139390.07;44.00;10.00;0.20;88.00;1.00;;0.00;0.00;;;;;50.00;10.00;0.80;400.00;488.00;20.00;0.80;704.00;100.00;1.00;100.00;;;;10.00;0.20;100.00;904.00;;300.00;2.00;;600.00;;;;;;;;;;;;;;;5.00;600.00;3000.00;;;;0.00;0.00;0.00;0.00;0.00;0.00;;50.00;;;25.00;;;0.00;;;44.00;;;0.00;;;0.00;;;31.50;;;13.50;;;45.00;;;;;;;;;;50.00;;2626.00;;;
157;2_Klein_int;PSS;1163.00;Volkshaus, Zürich;LITFIBA ;15.12.2022;462.00;;;;;;;;;;;;0.00;1105.00;;;43991.71;;;23870.62;5.00;10.00;0.80;40.00;0.00;;0.00;0.00;;;;;20.00;10.00;0.80;160.00;200.00;20.00;0.20;20.00;0.00;1.00;0.00;;;;10.00;0.20;40.00;60.00;;300.00;0.00;;0.00;;;;;;;2.00;;;;;;;;1.00;600.00;600.00;;;;0.00;0.00;0.00;0.00;0.00;0.00;;45.00;;;27.00;;;0.00;;;5.00;;;0.00;;;0.00;;;3.50;;;1.50;;;5.00;;;;;;;;;;20.00;;553.00;;;
158;4a_Hasta_int;PSS;8897.00;Hallenstadion, Zürich;Nightwish;16.12.2022;5800.00;4896.37;;;;;;;15790.00;;;;0.00;8452.00;;;359624.69;;;301796.02;59.00;10.00;0.20;118.00;12.00;;0.00;0.00;;;;;91.00;10.00;0.80;728.00;846.00;20.00;0.80;944.00;200.00;1.00;2400.00;;;;10.00;0.20;182.00;3526.00;;300.00;5.00;;1500.00;;;;;;;;;;;;;;;6.00;600.00;3600.00;;;;0.00;0.00;0.00;0.00;0.00;0.00;2126.38;219.00;;186.84;72.00;;32.92;0.00;;3072.13;59.00;;727.77;0.00;;1368.36;0.00;;2057.88;49.70;;2322.12;21.30;;204.63;71.00;;;;;;;;;;91.00;;4226.00;;;
